State,Business Id,Time Stamp,Count
NC,3C0bnFhjkgYP9mWORKg6cA,0,1
NC,3C0bnFhjkgYP9mWORKg6cA,1,1
NC,3C0bnFhjkgYP9mWORKg6cA,2,1
NC,3C0bnFhjkgYP9mWORKg6cA,3,1
NC,3C0bnFhjkgYP9mWORKg6cA,4,1
NC,3C0bnFhjkgYP9mWORKg6cA,5,0
NC,3C0bnFhjkgYP9mWORKg6cA,6,0
NC,3C0bnFhjkgYP9mWORKg6cA,7,0
NC,3C0bnFhjkgYP9mWORKg6cA,8,0
NC,3C0bnFhjkgYP9mWORKg6cA,9,0
NC,3C0bnFhjkgYP9mWORKg6cA,10,0
NC,3C0bnFhjkgYP9mWORKg6cA,11,0
NC,3C0bnFhjkgYP9mWORKg6cA,12,0
NC,3C0bnFhjkgYP9mWORKg6cA,13,0
NC,3C0bnFhjkgYP9mWORKg6cA,14,6
NC,3C0bnFhjkgYP9mWORKg6cA,15,48
NC,3C0bnFhjkgYP9mWORKg6cA,16,67
NC,3C0bnFhjkgYP9mWORKg6cA,17,62
NC,3C0bnFhjkgYP9mWORKg6cA,18,27
NC,3C0bnFhjkgYP9mWORKg6cA,19,9
NC,3C0bnFhjkgYP9mWORKg6cA,20,4
NC,3C0bnFhjkgYP9mWORKg6cA,21,5
NC,3C0bnFhjkgYP9mWORKg6cA,22,4
NC,3C0bnFhjkgYP9mWORKg6cA,23,0
NC,Cu5oU2dO3JCEQ4XHK0CfbQ,0,15
NC,Cu5oU2dO3JCEQ4XHK0CfbQ,1,10
NC,Cu5oU2dO3JCEQ4XHK0CfbQ,2,3
NC,Cu5oU2dO3JCEQ4XHK0CfbQ,3,1
NC,Cu5oU2dO3JCEQ4XHK0CfbQ,4,0
NC,Cu5oU2dO3JCEQ4XHK0CfbQ,5,0
NC,Cu5oU2dO3JCEQ4XHK0CfbQ,6,0
NC,Cu5oU2dO3JCEQ4XHK0CfbQ,7,0
NC,Cu5oU2dO3JCEQ4XHK0CfbQ,8,0
NC,Cu5oU2dO3JCEQ4XHK0CfbQ,9,0
NC,Cu5oU2dO3JCEQ4XHK0CfbQ,10,0
NC,Cu5oU2dO3JCEQ4XHK0CfbQ,11,0
NC,Cu5oU2dO3JCEQ4XHK0CfbQ,12,1
NC,Cu5oU2dO3JCEQ4XHK0CfbQ,13,0
NC,Cu5oU2dO3JCEQ4XHK0CfbQ,14,1
NC,Cu5oU2dO3JCEQ4XHK0CfbQ,15,1
NC,Cu5oU2dO3JCEQ4XHK0CfbQ,16,1
NC,Cu5oU2dO3JCEQ4XHK0CfbQ,17,0
NC,Cu5oU2dO3JCEQ4XHK0CfbQ,18,0
NC,Cu5oU2dO3JCEQ4XHK0CfbQ,19,2
NC,Cu5oU2dO3JCEQ4XHK0CfbQ,20,0
NC,Cu5oU2dO3JCEQ4XHK0CfbQ,21,0
NC,Cu5oU2dO3JCEQ4XHK0CfbQ,22,11
NC,Cu5oU2dO3JCEQ4XHK0CfbQ,23,19
NC,XBfvbNHOji_fRyhzO-KuEw,0,0
NC,XBfvbNHOji_fRyhzO-KuEw,1,0
NC,XBfvbNHOji_fRyhzO-KuEw,2,0
NC,XBfvbNHOji_fRyhzO-KuEw,3,0
NC,XBfvbNHOji_fRyhzO-KuEw,4,0
NC,XBfvbNHOji_fRyhzO-KuEw,5,0
NC,XBfvbNHOji_fRyhzO-KuEw,6,0
NC,XBfvbNHOji_fRyhzO-KuEw,7,0
NC,XBfvbNHOji_fRyhzO-KuEw,8,0
NC,XBfvbNHOji_fRyhzO-KuEw,9,0
NC,XBfvbNHOji_fRyhzO-KuEw,10,0
NC,XBfvbNHOji_fRyhzO-KuEw,11,0
NC,XBfvbNHOji_fRyhzO-KuEw,12,3
NC,XBfvbNHOji_fRyhzO-KuEw,13,4
NC,XBfvbNHOji_fRyhzO-KuEw,14,5
NC,XBfvbNHOji_fRyhzO-KuEw,15,5
NC,XBfvbNHOji_fRyhzO-KuEw,16,5
NC,XBfvbNHOji_fRyhzO-KuEw,17,2
NC,XBfvbNHOji_fRyhzO-KuEw,18,1
NC,XBfvbNHOji_fRyhzO-KuEw,19,1
NC,XBfvbNHOji_fRyhzO-KuEw,20,3
NC,XBfvbNHOji_fRyhzO-KuEw,21,0
NC,XBfvbNHOji_fRyhzO-KuEw,22,0
NC,XBfvbNHOji_fRyhzO-KuEw,23,0
AZ,jikjjW1bN0swCMguFazcxg,0,1
AZ,jikjjW1bN0swCMguFazcxg,1,0
AZ,jikjjW1bN0swCMguFazcxg,2,0
AZ,jikjjW1bN0swCMguFazcxg,3,0
AZ,jikjjW1bN0swCMguFazcxg,4,0
AZ,jikjjW1bN0swCMguFazcxg,5,0
AZ,jikjjW1bN0swCMguFazcxg,6,0
AZ,jikjjW1bN0swCMguFazcxg,7,0
AZ,jikjjW1bN0swCMguFazcxg,8,0
AZ,jikjjW1bN0swCMguFazcxg,9,0
AZ,jikjjW1bN0swCMguFazcxg,10,0
AZ,jikjjW1bN0swCMguFazcxg,11,0
AZ,jikjjW1bN0swCMguFazcxg,12,0
AZ,jikjjW1bN0swCMguFazcxg,13,0
AZ,jikjjW1bN0swCMguFazcxg,14,0
AZ,jikjjW1bN0swCMguFazcxg,15,0
AZ,jikjjW1bN0swCMguFazcxg,16,0
AZ,jikjjW1bN0swCMguFazcxg,17,0
AZ,jikjjW1bN0swCMguFazcxg,18,1
AZ,jikjjW1bN0swCMguFazcxg,19,0
AZ,jikjjW1bN0swCMguFazcxg,20,0
AZ,jikjjW1bN0swCMguFazcxg,21,0
AZ,jikjjW1bN0swCMguFazcxg,22,0
AZ,jikjjW1bN0swCMguFazcxg,23,0
AZ,_GdzDB3SU9Ni7mAOQehIXQ,0,20
AZ,_GdzDB3SU9Ni7mAOQehIXQ,1,155
AZ,_GdzDB3SU9Ni7mAOQehIXQ,2,12
AZ,_GdzDB3SU9Ni7mAOQehIXQ,3,21
AZ,_GdzDB3SU9Ni7mAOQehIXQ,4,2
AZ,_GdzDB3SU9Ni7mAOQehIXQ,5,0
AZ,_GdzDB3SU9Ni7mAOQehIXQ,6,0
AZ,_GdzDB3SU9Ni7mAOQehIXQ,7,0
AZ,_GdzDB3SU9Ni7mAOQehIXQ,8,0
AZ,_GdzDB3SU9Ni7mAOQehIXQ,9,0
AZ,_GdzDB3SU9Ni7mAOQehIXQ,10,0
AZ,_GdzDB3SU9Ni7mAOQehIXQ,11,0
AZ,_GdzDB3SU9Ni7mAOQehIXQ,12,0
AZ,_GdzDB3SU9Ni7mAOQehIXQ,13,0
AZ,_GdzDB3SU9Ni7mAOQehIXQ,14,0
AZ,_GdzDB3SU9Ni7mAOQehIXQ,15,0
AZ,_GdzDB3SU9Ni7mAOQehIXQ,16,0
AZ,_GdzDB3SU9Ni7mAOQehIXQ,17,0
AZ,_GdzDB3SU9Ni7mAOQehIXQ,18,0
AZ,_GdzDB3SU9Ni7mAOQehIXQ,19,0
AZ,_GdzDB3SU9Ni7mAOQehIXQ,20,0
AZ,_GdzDB3SU9Ni7mAOQehIXQ,21,0
AZ,_GdzDB3SU9Ni7mAOQehIXQ,22,0
AZ,_GdzDB3SU9Ni7mAOQehIXQ,23,2
AZ,MueAEUT6iqRyOvuIZ5Ixaw,0,0
AZ,MueAEUT6iqRyOvuIZ5Ixaw,1,2
AZ,MueAEUT6iqRyOvuIZ5Ixaw,2,1
AZ,MueAEUT6iqRyOvuIZ5Ixaw,3,1
AZ,MueAEUT6iqRyOvuIZ5Ixaw,4,0
AZ,MueAEUT6iqRyOvuIZ5Ixaw,5,0
AZ,MueAEUT6iqRyOvuIZ5Ixaw,6,0
AZ,MueAEUT6iqRyOvuIZ5Ixaw,7,0
AZ,MueAEUT6iqRyOvuIZ5Ixaw,8,0
AZ,MueAEUT6iqRyOvuIZ5Ixaw,9,0
AZ,MueAEUT6iqRyOvuIZ5Ixaw,10,0
AZ,MueAEUT6iqRyOvuIZ5Ixaw,11,0
AZ,MueAEUT6iqRyOvuIZ5Ixaw,12,0
AZ,MueAEUT6iqRyOvuIZ5Ixaw,13,0
AZ,MueAEUT6iqRyOvuIZ5Ixaw,14,1
AZ,MueAEUT6iqRyOvuIZ5Ixaw,15,3
AZ,MueAEUT6iqRyOvuIZ5Ixaw,16,1
AZ,MueAEUT6iqRyOvuIZ5Ixaw,17,1
AZ,MueAEUT6iqRyOvuIZ5Ixaw,18,0
AZ,MueAEUT6iqRyOvuIZ5Ixaw,19,1
AZ,MueAEUT6iqRyOvuIZ5Ixaw,20,2
AZ,MueAEUT6iqRyOvuIZ5Ixaw,21,0
AZ,MueAEUT6iqRyOvuIZ5Ixaw,22,0
AZ,MueAEUT6iqRyOvuIZ5Ixaw,23,0
NV,v6dqe7U2MVtaWyHbvtw_tw,0,36
NV,v6dqe7U2MVtaWyHbvtw_tw,1,42
NV,v6dqe7U2MVtaWyHbvtw_tw,2,34
NV,v6dqe7U2MVtaWyHbvtw_tw,3,13
NV,v6dqe7U2MVtaWyHbvtw_tw,4,6
NV,v6dqe7U2MVtaWyHbvtw_tw,5,0
NV,v6dqe7U2MVtaWyHbvtw_tw,6,3
NV,v6dqe7U2MVtaWyHbvtw_tw,7,2
NV,v6dqe7U2MVtaWyHbvtw_tw,8,1
NV,v6dqe7U2MVtaWyHbvtw_tw,9,1
NV,v6dqe7U2MVtaWyHbvtw_tw,10,1
NV,v6dqe7U2MVtaWyHbvtw_tw,11,0
NV,v6dqe7U2MVtaWyHbvtw_tw,12,1
NV,v6dqe7U2MVtaWyHbvtw_tw,13,1
NV,v6dqe7U2MVtaWyHbvtw_tw,14,2
NV,v6dqe7U2MVtaWyHbvtw_tw,15,13
NV,v6dqe7U2MVtaWyHbvtw_tw,16,19
NV,v6dqe7U2MVtaWyHbvtw_tw,17,32
NV,v6dqe7U2MVtaWyHbvtw_tw,18,35
NV,v6dqe7U2MVtaWyHbvtw_tw,19,54
NV,v6dqe7U2MVtaWyHbvtw_tw,20,44
NV,v6dqe7U2MVtaWyHbvtw_tw,21,43
NV,v6dqe7U2MVtaWyHbvtw_tw,22,45
NV,v6dqe7U2MVtaWyHbvtw_tw,23,42
NV,URw54F4_FuxU8MR8T_bxpg,0,3
NV,URw54F4_FuxU8MR8T_bxpg,1,0
NV,URw54F4_FuxU8MR8T_bxpg,2,2
NV,URw54F4_FuxU8MR8T_bxpg,3,0
NV,URw54F4_FuxU8MR8T_bxpg,4,0
NV,URw54F4_FuxU8MR8T_bxpg,5,0
NV,URw54F4_FuxU8MR8T_bxpg,6,0
NV,URw54F4_FuxU8MR8T_bxpg,7,0
NV,URw54F4_FuxU8MR8T_bxpg,8,0
NV,URw54F4_FuxU8MR8T_bxpg,9,0
NV,URw54F4_FuxU8MR8T_bxpg,10,0
NV,URw54F4_FuxU8MR8T_bxpg,11,0
NV,URw54F4_FuxU8MR8T_bxpg,12,0
NV,URw54F4_FuxU8MR8T_bxpg,13,0
NV,URw54F4_FuxU8MR8T_bxpg,14,0
NV,URw54F4_FuxU8MR8T_bxpg,15,1
NV,URw54F4_FuxU8MR8T_bxpg,16,0
NV,URw54F4_FuxU8MR8T_bxpg,17,0
NV,URw54F4_FuxU8MR8T_bxpg,18,0
NV,URw54F4_FuxU8MR8T_bxpg,19,0
NV,URw54F4_FuxU8MR8T_bxpg,20,1
NV,URw54F4_FuxU8MR8T_bxpg,21,0
NV,URw54F4_FuxU8MR8T_bxpg,22,0
NV,URw54F4_FuxU8MR8T_bxpg,23,0
NV,TcSGXZhrdJi-1mtwV0POTQ,0,5
NV,TcSGXZhrdJi-1mtwV0POTQ,1,0
NV,TcSGXZhrdJi-1mtwV0POTQ,2,0
NV,TcSGXZhrdJi-1mtwV0POTQ,3,1
NV,TcSGXZhrdJi-1mtwV0POTQ,4,0
NV,TcSGXZhrdJi-1mtwV0POTQ,5,0
NV,TcSGXZhrdJi-1mtwV0POTQ,6,0
NV,TcSGXZhrdJi-1mtwV0POTQ,7,0
NV,TcSGXZhrdJi-1mtwV0POTQ,8,0
NV,TcSGXZhrdJi-1mtwV0POTQ,9,0
NV,TcSGXZhrdJi-1mtwV0POTQ,10,0
NV,TcSGXZhrdJi-1mtwV0POTQ,11,0
NV,TcSGXZhrdJi-1mtwV0POTQ,12,0
NV,TcSGXZhrdJi-1mtwV0POTQ,13,0
NV,TcSGXZhrdJi-1mtwV0POTQ,14,1
NV,TcSGXZhrdJi-1mtwV0POTQ,15,1
NV,TcSGXZhrdJi-1mtwV0POTQ,16,0
NV,TcSGXZhrdJi-1mtwV0POTQ,17,1
NV,TcSGXZhrdJi-1mtwV0POTQ,18,10
NV,TcSGXZhrdJi-1mtwV0POTQ,19,3
NV,TcSGXZhrdJi-1mtwV0POTQ,20,3
NV,TcSGXZhrdJi-1mtwV0POTQ,21,3
NV,TcSGXZhrdJi-1mtwV0POTQ,22,5
NV,TcSGXZhrdJi-1mtwV0POTQ,23,7
IL,Lwb6bG1Qu3BbW7FJj5suLw,0,0
IL,Lwb6bG1Qu3BbW7FJj5suLw,1,1
IL,Lwb6bG1Qu3BbW7FJj5suLw,2,1
IL,Lwb6bG1Qu3BbW7FJj5suLw,3,0
IL,Lwb6bG1Qu3BbW7FJj5suLw,4,0
IL,Lwb6bG1Qu3BbW7FJj5suLw,5,0
IL,Lwb6bG1Qu3BbW7FJj5suLw,6,0
IL,Lwb6bG1Qu3BbW7FJj5suLw,7,0
IL,Lwb6bG1Qu3BbW7FJj5suLw,8,0
IL,Lwb6bG1Qu3BbW7FJj5suLw,9,0
IL,Lwb6bG1Qu3BbW7FJj5suLw,10,0
IL,Lwb6bG1Qu3BbW7FJj5suLw,11,0
IL,Lwb6bG1Qu3BbW7FJj5suLw,12,0
IL,Lwb6bG1Qu3BbW7FJj5suLw,13,0
IL,Lwb6bG1Qu3BbW7FJj5suLw,14,0
IL,Lwb6bG1Qu3BbW7FJj5suLw,15,0
IL,Lwb6bG1Qu3BbW7FJj5suLw,16,0
IL,Lwb6bG1Qu3BbW7FJj5suLw,17,0
IL,Lwb6bG1Qu3BbW7FJj5suLw,18,0
IL,Lwb6bG1Qu3BbW7FJj5suLw,19,1
IL,Lwb6bG1Qu3BbW7FJj5suLw,20,1
IL,Lwb6bG1Qu3BbW7FJj5suLw,21,1
IL,Lwb6bG1Qu3BbW7FJj5suLw,22,3
IL,Lwb6bG1Qu3BbW7FJj5suLw,23,2
IL,1bgcPZXnzAZvrc6HcBfc7A,0,0
IL,1bgcPZXnzAZvrc6HcBfc7A,1,0
IL,1bgcPZXnzAZvrc6HcBfc7A,2,0
IL,1bgcPZXnzAZvrc6HcBfc7A,3,0
IL,1bgcPZXnzAZvrc6HcBfc7A,4,1
IL,1bgcPZXnzAZvrc6HcBfc7A,5,0
IL,1bgcPZXnzAZvrc6HcBfc7A,6,0
IL,1bgcPZXnzAZvrc6HcBfc7A,7,0
IL,1bgcPZXnzAZvrc6HcBfc7A,8,0
IL,1bgcPZXnzAZvrc6HcBfc7A,9,0
IL,1bgcPZXnzAZvrc6HcBfc7A,10,0
IL,1bgcPZXnzAZvrc6HcBfc7A,11,0
IL,1bgcPZXnzAZvrc6HcBfc7A,12,0
IL,1bgcPZXnzAZvrc6HcBfc7A,13,0
IL,1bgcPZXnzAZvrc6HcBfc7A,14,0
IL,1bgcPZXnzAZvrc6HcBfc7A,15,0
IL,1bgcPZXnzAZvrc6HcBfc7A,16,0
IL,1bgcPZXnzAZvrc6HcBfc7A,17,0
IL,1bgcPZXnzAZvrc6HcBfc7A,18,0
IL,1bgcPZXnzAZvrc6HcBfc7A,19,0
IL,1bgcPZXnzAZvrc6HcBfc7A,20,0
IL,1bgcPZXnzAZvrc6HcBfc7A,21,0
IL,1bgcPZXnzAZvrc6HcBfc7A,22,1
IL,1bgcPZXnzAZvrc6HcBfc7A,23,1
IL,4hWDMVtfnpyY72_5QMbthA,0,0
IL,4hWDMVtfnpyY72_5QMbthA,1,0
IL,4hWDMVtfnpyY72_5QMbthA,2,1
IL,4hWDMVtfnpyY72_5QMbthA,3,0
IL,4hWDMVtfnpyY72_5QMbthA,4,0
IL,4hWDMVtfnpyY72_5QMbthA,5,0
IL,4hWDMVtfnpyY72_5QMbthA,6,0
IL,4hWDMVtfnpyY72_5QMbthA,7,0
IL,4hWDMVtfnpyY72_5QMbthA,8,0
IL,4hWDMVtfnpyY72_5QMbthA,9,0
IL,4hWDMVtfnpyY72_5QMbthA,10,0
IL,4hWDMVtfnpyY72_5QMbthA,11,0
IL,4hWDMVtfnpyY72_5QMbthA,12,0
IL,4hWDMVtfnpyY72_5QMbthA,13,0
IL,4hWDMVtfnpyY72_5QMbthA,14,0
IL,4hWDMVtfnpyY72_5QMbthA,15,2
IL,4hWDMVtfnpyY72_5QMbthA,16,3
IL,4hWDMVtfnpyY72_5QMbthA,17,6
IL,4hWDMVtfnpyY72_5QMbthA,18,3
IL,4hWDMVtfnpyY72_5QMbthA,19,1
IL,4hWDMVtfnpyY72_5QMbthA,20,3
IL,4hWDMVtfnpyY72_5QMbthA,21,6
IL,4hWDMVtfnpyY72_5QMbthA,22,7
IL,4hWDMVtfnpyY72_5QMbthA,23,3
PA,0OkfU0vDBprsIEd5hWuhAQ,0,0
PA,0OkfU0vDBprsIEd5hWuhAQ,1,0
PA,0OkfU0vDBprsIEd5hWuhAQ,2,0
PA,0OkfU0vDBprsIEd5hWuhAQ,3,0
PA,0OkfU0vDBprsIEd5hWuhAQ,4,0
PA,0OkfU0vDBprsIEd5hWuhAQ,5,0
PA,0OkfU0vDBprsIEd5hWuhAQ,6,0
PA,0OkfU0vDBprsIEd5hWuhAQ,7,0
PA,0OkfU0vDBprsIEd5hWuhAQ,8,0
PA,0OkfU0vDBprsIEd5hWuhAQ,9,0
PA,0OkfU0vDBprsIEd5hWuhAQ,10,0
PA,0OkfU0vDBprsIEd5hWuhAQ,11,0
PA,0OkfU0vDBprsIEd5hWuhAQ,12,0
PA,0OkfU0vDBprsIEd5hWuhAQ,13,0
PA,0OkfU0vDBprsIEd5hWuhAQ,14,2
PA,0OkfU0vDBprsIEd5hWuhAQ,15,4
PA,0OkfU0vDBprsIEd5hWuhAQ,16,2
PA,0OkfU0vDBprsIEd5hWuhAQ,17,4
PA,0OkfU0vDBprsIEd5hWuhAQ,18,5
PA,0OkfU0vDBprsIEd5hWuhAQ,19,2
PA,0OkfU0vDBprsIEd5hWuhAQ,20,3
PA,0OkfU0vDBprsIEd5hWuhAQ,21,2
PA,0OkfU0vDBprsIEd5hWuhAQ,22,2
PA,0OkfU0vDBprsIEd5hWuhAQ,23,1
PA,DtLDAFVH8OyywUw23y86xA,0,0
PA,DtLDAFVH8OyywUw23y86xA,1,1
PA,DtLDAFVH8OyywUw23y86xA,2,0
PA,DtLDAFVH8OyywUw23y86xA,3,0
PA,DtLDAFVH8OyywUw23y86xA,4,0
PA,DtLDAFVH8OyywUw23y86xA,5,0
PA,DtLDAFVH8OyywUw23y86xA,6,0
PA,DtLDAFVH8OyywUw23y86xA,7,0
PA,DtLDAFVH8OyywUw23y86xA,8,0
PA,DtLDAFVH8OyywUw23y86xA,9,0
PA,DtLDAFVH8OyywUw23y86xA,10,0
PA,DtLDAFVH8OyywUw23y86xA,11,0
PA,DtLDAFVH8OyywUw23y86xA,12,0
PA,DtLDAFVH8OyywUw23y86xA,13,0
PA,DtLDAFVH8OyywUw23y86xA,14,0
PA,DtLDAFVH8OyywUw23y86xA,15,0
PA,DtLDAFVH8OyywUw23y86xA,16,1
PA,DtLDAFVH8OyywUw23y86xA,17,0
PA,DtLDAFVH8OyywUw23y86xA,18,0
PA,DtLDAFVH8OyywUw23y86xA,19,0
PA,DtLDAFVH8OyywUw23y86xA,20,0
PA,DtLDAFVH8OyywUw23y86xA,21,0
PA,DtLDAFVH8OyywUw23y86xA,22,0
PA,DtLDAFVH8OyywUw23y86xA,23,0
PA,6G3t042U69yzZ99_yvY3_A,0,58
PA,6G3t042U69yzZ99_yvY3_A,1,25
PA,6G3t042U69yzZ99_yvY3_A,2,5
PA,6G3t042U69yzZ99_yvY3_A,3,2
PA,6G3t042U69yzZ99_yvY3_A,4,2
PA,6G3t042U69yzZ99_yvY3_A,5,0
PA,6G3t042U69yzZ99_yvY3_A,6,0
PA,6G3t042U69yzZ99_yvY3_A,7,1
PA,6G3t042U69yzZ99_yvY3_A,8,0
PA,6G3t042U69yzZ99_yvY3_A,9,0
PA,6G3t042U69yzZ99_yvY3_A,10,0
PA,6G3t042U69yzZ99_yvY3_A,11,2
PA,6G3t042U69yzZ99_yvY3_A,12,4
PA,6G3t042U69yzZ99_yvY3_A,13,9
PA,6G3t042U69yzZ99_yvY3_A,14,23
PA,6G3t042U69yzZ99_yvY3_A,15,32
PA,6G3t042U69yzZ99_yvY3_A,16,49
PA,6G3t042U69yzZ99_yvY3_A,17,66
PA,6G3t042U69yzZ99_yvY3_A,18,52
PA,6G3t042U69yzZ99_yvY3_A,19,52
PA,6G3t042U69yzZ99_yvY3_A,20,53
PA,6G3t042U69yzZ99_yvY3_A,21,58
PA,6G3t042U69yzZ99_yvY3_A,22,46
PA,6G3t042U69yzZ99_yvY3_A,23,85
WI,4ovtrDTXvLK5dDdD09Ecug,0,1
WI,4ovtrDTXvLK5dDdD09Ecug,1,0
WI,4ovtrDTXvLK5dDdD09Ecug,2,2
WI,4ovtrDTXvLK5dDdD09Ecug,3,1
WI,4ovtrDTXvLK5dDdD09Ecug,4,3
WI,4ovtrDTXvLK5dDdD09Ecug,5,0
WI,4ovtrDTXvLK5dDdD09Ecug,6,0
WI,4ovtrDTXvLK5dDdD09Ecug,7,1
WI,4ovtrDTXvLK5dDdD09Ecug,8,0
WI,4ovtrDTXvLK5dDdD09Ecug,9,0
WI,4ovtrDTXvLK5dDdD09Ecug,10,0
WI,4ovtrDTXvLK5dDdD09Ecug,11,0
WI,4ovtrDTXvLK5dDdD09Ecug,12,2
WI,4ovtrDTXvLK5dDdD09Ecug,13,2
WI,4ovtrDTXvLK5dDdD09Ecug,14,0
WI,4ovtrDTXvLK5dDdD09Ecug,15,3
WI,4ovtrDTXvLK5dDdD09Ecug,16,0
WI,4ovtrDTXvLK5dDdD09Ecug,17,0
WI,4ovtrDTXvLK5dDdD09Ecug,18,0
WI,4ovtrDTXvLK5dDdD09Ecug,19,0
WI,4ovtrDTXvLK5dDdD09Ecug,20,1
WI,4ovtrDTXvLK5dDdD09Ecug,21,0
WI,4ovtrDTXvLK5dDdD09Ecug,22,3
WI,4ovtrDTXvLK5dDdD09Ecug,23,3
WI,8pPD7BhiPAq-SC4vSBns1w,0,0
WI,8pPD7BhiPAq-SC4vSBns1w,1,0
WI,8pPD7BhiPAq-SC4vSBns1w,2,0
WI,8pPD7BhiPAq-SC4vSBns1w,3,1
WI,8pPD7BhiPAq-SC4vSBns1w,4,0
WI,8pPD7BhiPAq-SC4vSBns1w,5,0
WI,8pPD7BhiPAq-SC4vSBns1w,6,0
WI,8pPD7BhiPAq-SC4vSBns1w,7,0
WI,8pPD7BhiPAq-SC4vSBns1w,8,0
WI,8pPD7BhiPAq-SC4vSBns1w,9,0
WI,8pPD7BhiPAq-SC4vSBns1w,10,0
WI,8pPD7BhiPAq-SC4vSBns1w,11,0
WI,8pPD7BhiPAq-SC4vSBns1w,12,0
WI,8pPD7BhiPAq-SC4vSBns1w,13,1
WI,8pPD7BhiPAq-SC4vSBns1w,14,3
WI,8pPD7BhiPAq-SC4vSBns1w,15,1
WI,8pPD7BhiPAq-SC4vSBns1w,16,2
WI,8pPD7BhiPAq-SC4vSBns1w,17,1
WI,8pPD7BhiPAq-SC4vSBns1w,18,0
WI,8pPD7BhiPAq-SC4vSBns1w,19,0
WI,8pPD7BhiPAq-SC4vSBns1w,20,0
WI,8pPD7BhiPAq-SC4vSBns1w,21,0
WI,8pPD7BhiPAq-SC4vSBns1w,22,0
WI,8pPD7BhiPAq-SC4vSBns1w,23,0
WI,Vi7DWovv_vnWmxhURiioFw,0,1
WI,Vi7DWovv_vnWmxhURiioFw,1,1
WI,Vi7DWovv_vnWmxhURiioFw,2,0
WI,Vi7DWovv_vnWmxhURiioFw,3,0
WI,Vi7DWovv_vnWmxhURiioFw,4,0
WI,Vi7DWovv_vnWmxhURiioFw,5,0
WI,Vi7DWovv_vnWmxhURiioFw,6,0
WI,Vi7DWovv_vnWmxhURiioFw,7,0
WI,Vi7DWovv_vnWmxhURiioFw,8,0
WI,Vi7DWovv_vnWmxhURiioFw,9,0
WI,Vi7DWovv_vnWmxhURiioFw,10,0
WI,Vi7DWovv_vnWmxhURiioFw,11,0
WI,Vi7DWovv_vnWmxhURiioFw,12,0
WI,Vi7DWovv_vnWmxhURiioFw,13,0
WI,Vi7DWovv_vnWmxhURiioFw,14,0
WI,Vi7DWovv_vnWmxhURiioFw,15,0
WI,Vi7DWovv_vnWmxhURiioFw,16,0
WI,Vi7DWovv_vnWmxhURiioFw,17,0
WI,Vi7DWovv_vnWmxhURiioFw,18,0
WI,Vi7DWovv_vnWmxhURiioFw,19,0
WI,Vi7DWovv_vnWmxhURiioFw,20,0
WI,Vi7DWovv_vnWmxhURiioFw,21,1
WI,Vi7DWovv_vnWmxhURiioFw,22,0
WI,Vi7DWovv_vnWmxhURiioFw,23,0
SC,0aMrF0FaZNGN7zVGx81lDA,0,0
SC,0aMrF0FaZNGN7zVGx81lDA,1,0
SC,0aMrF0FaZNGN7zVGx81lDA,2,3
SC,0aMrF0FaZNGN7zVGx81lDA,3,0
SC,0aMrF0FaZNGN7zVGx81lDA,4,0
SC,0aMrF0FaZNGN7zVGx81lDA,5,0
SC,0aMrF0FaZNGN7zVGx81lDA,6,0
SC,0aMrF0FaZNGN7zVGx81lDA,7,0
SC,0aMrF0FaZNGN7zVGx81lDA,8,0
SC,0aMrF0FaZNGN7zVGx81lDA,9,0
SC,0aMrF0FaZNGN7zVGx81lDA,10,0
SC,0aMrF0FaZNGN7zVGx81lDA,11,1
SC,0aMrF0FaZNGN7zVGx81lDA,12,0
SC,0aMrF0FaZNGN7zVGx81lDA,13,5
SC,0aMrF0FaZNGN7zVGx81lDA,14,4
SC,0aMrF0FaZNGN7zVGx81lDA,15,1
SC,0aMrF0FaZNGN7zVGx81lDA,16,1
SC,0aMrF0FaZNGN7zVGx81lDA,17,3
SC,0aMrF0FaZNGN7zVGx81lDA,18,1
SC,0aMrF0FaZNGN7zVGx81lDA,19,3
SC,0aMrF0FaZNGN7zVGx81lDA,20,1
SC,0aMrF0FaZNGN7zVGx81lDA,21,0
SC,0aMrF0FaZNGN7zVGx81lDA,22,2
SC,0aMrF0FaZNGN7zVGx81lDA,23,1
SC,zd1fJLPz0ZeV4aoSIsRYcg,0,0
SC,zd1fJLPz0ZeV4aoSIsRYcg,1,0
SC,zd1fJLPz0ZeV4aoSIsRYcg,2,0
SC,zd1fJLPz0ZeV4aoSIsRYcg,3,0
SC,zd1fJLPz0ZeV4aoSIsRYcg,4,0
SC,zd1fJLPz0ZeV4aoSIsRYcg,5,0
SC,zd1fJLPz0ZeV4aoSIsRYcg,6,0
SC,zd1fJLPz0ZeV4aoSIsRYcg,7,0
SC,zd1fJLPz0ZeV4aoSIsRYcg,8,0
SC,zd1fJLPz0ZeV4aoSIsRYcg,9,0
SC,zd1fJLPz0ZeV4aoSIsRYcg,10,0
SC,zd1fJLPz0ZeV4aoSIsRYcg,11,16
SC,zd1fJLPz0ZeV4aoSIsRYcg,12,5
SC,zd1fJLPz0ZeV4aoSIsRYcg,13,6
SC,zd1fJLPz0ZeV4aoSIsRYcg,14,5
SC,zd1fJLPz0ZeV4aoSIsRYcg,15,7
SC,zd1fJLPz0ZeV4aoSIsRYcg,16,11
SC,zd1fJLPz0ZeV4aoSIsRYcg,17,7
SC,zd1fJLPz0ZeV4aoSIsRYcg,18,1
SC,zd1fJLPz0ZeV4aoSIsRYcg,19,1
SC,zd1fJLPz0ZeV4aoSIsRYcg,20,0
SC,zd1fJLPz0ZeV4aoSIsRYcg,21,1
SC,zd1fJLPz0ZeV4aoSIsRYcg,22,0
SC,zd1fJLPz0ZeV4aoSIsRYcg,23,0
SC,WokSBO9j1o1iWxlnD4-gIA,0,3
SC,WokSBO9j1o1iWxlnD4-gIA,1,1
SC,WokSBO9j1o1iWxlnD4-gIA,2,1
SC,WokSBO9j1o1iWxlnD4-gIA,3,1
SC,WokSBO9j1o1iWxlnD4-gIA,4,0
SC,WokSBO9j1o1iWxlnD4-gIA,5,0
SC,WokSBO9j1o1iWxlnD4-gIA,6,0
SC,WokSBO9j1o1iWxlnD4-gIA,7,0
SC,WokSBO9j1o1iWxlnD4-gIA,8,0
SC,WokSBO9j1o1iWxlnD4-gIA,9,0
SC,WokSBO9j1o1iWxlnD4-gIA,10,0
SC,WokSBO9j1o1iWxlnD4-gIA,11,0
SC,WokSBO9j1o1iWxlnD4-gIA,12,0
SC,WokSBO9j1o1iWxlnD4-gIA,13,0
SC,WokSBO9j1o1iWxlnD4-gIA,14,0
SC,WokSBO9j1o1iWxlnD4-gIA,15,0
SC,WokSBO9j1o1iWxlnD4-gIA,16,0
SC,WokSBO9j1o1iWxlnD4-gIA,17,0
SC,WokSBO9j1o1iWxlnD4-gIA,18,2
SC,WokSBO9j1o1iWxlnD4-gIA,19,1
SC,WokSBO9j1o1iWxlnD4-gIA,20,0
SC,WokSBO9j1o1iWxlnD4-gIA,21,2
SC,WokSBO9j1o1iWxlnD4-gIA,22,6
SC,WokSBO9j1o1iWxlnD4-gIA,23,5
OH,pYad8gX0DTOGFDcF5p8dxw,0,0
OH,pYad8gX0DTOGFDcF5p8dxw,1,0
OH,pYad8gX0DTOGFDcF5p8dxw,2,0
OH,pYad8gX0DTOGFDcF5p8dxw,3,0
OH,pYad8gX0DTOGFDcF5p8dxw,4,0
OH,pYad8gX0DTOGFDcF5p8dxw,5,0
OH,pYad8gX0DTOGFDcF5p8dxw,6,0
OH,pYad8gX0DTOGFDcF5p8dxw,7,0
OH,pYad8gX0DTOGFDcF5p8dxw,8,0
OH,pYad8gX0DTOGFDcF5p8dxw,9,0
OH,pYad8gX0DTOGFDcF5p8dxw,10,0
OH,pYad8gX0DTOGFDcF5p8dxw,11,0
OH,pYad8gX0DTOGFDcF5p8dxw,12,0
OH,pYad8gX0DTOGFDcF5p8dxw,13,1
OH,pYad8gX0DTOGFDcF5p8dxw,14,0
OH,pYad8gX0DTOGFDcF5p8dxw,15,3
OH,pYad8gX0DTOGFDcF5p8dxw,16,3
OH,pYad8gX0DTOGFDcF5p8dxw,17,2
OH,pYad8gX0DTOGFDcF5p8dxw,18,0
OH,pYad8gX0DTOGFDcF5p8dxw,19,1
OH,pYad8gX0DTOGFDcF5p8dxw,20,1
OH,pYad8gX0DTOGFDcF5p8dxw,21,2
OH,pYad8gX0DTOGFDcF5p8dxw,22,0
OH,pYad8gX0DTOGFDcF5p8dxw,23,3
OH,mXaqyzYTqiTc-LrTFAm0Yw,0,0
OH,mXaqyzYTqiTc-LrTFAm0Yw,1,0
OH,mXaqyzYTqiTc-LrTFAm0Yw,2,0
OH,mXaqyzYTqiTc-LrTFAm0Yw,3,0
OH,mXaqyzYTqiTc-LrTFAm0Yw,4,0
OH,mXaqyzYTqiTc-LrTFAm0Yw,5,0
OH,mXaqyzYTqiTc-LrTFAm0Yw,6,0
OH,mXaqyzYTqiTc-LrTFAm0Yw,7,0
OH,mXaqyzYTqiTc-LrTFAm0Yw,8,0
OH,mXaqyzYTqiTc-LrTFAm0Yw,9,0
OH,mXaqyzYTqiTc-LrTFAm0Yw,10,1
OH,mXaqyzYTqiTc-LrTFAm0Yw,11,0
OH,mXaqyzYTqiTc-LrTFAm0Yw,12,0
OH,mXaqyzYTqiTc-LrTFAm0Yw,13,0
OH,mXaqyzYTqiTc-LrTFAm0Yw,14,0
OH,mXaqyzYTqiTc-LrTFAm0Yw,15,11
OH,mXaqyzYTqiTc-LrTFAm0Yw,16,20
OH,mXaqyzYTqiTc-LrTFAm0Yw,17,31
OH,mXaqyzYTqiTc-LrTFAm0Yw,18,15
OH,mXaqyzYTqiTc-LrTFAm0Yw,19,8
OH,mXaqyzYTqiTc-LrTFAm0Yw,20,1
OH,mXaqyzYTqiTc-LrTFAm0Yw,21,0
OH,mXaqyzYTqiTc-LrTFAm0Yw,22,0
OH,mXaqyzYTqiTc-LrTFAm0Yw,23,0
CA,UE_fvET7Aj16w7Cluj7ZGg,0,1
CA,UE_fvET7Aj16w7Cluj7ZGg,1,0
CA,UE_fvET7Aj16w7Cluj7ZGg,2,0
CA,UE_fvET7Aj16w7Cluj7ZGg,3,0
CA,UE_fvET7Aj16w7Cluj7ZGg,4,0
CA,UE_fvET7Aj16w7Cluj7ZGg,5,0
CA,UE_fvET7Aj16w7Cluj7ZGg,6,0
CA,UE_fvET7Aj16w7Cluj7ZGg,7,0
CA,UE_fvET7Aj16w7Cluj7ZGg,8,0
CA,UE_fvET7Aj16w7Cluj7ZGg,9,0
CA,UE_fvET7Aj16w7Cluj7ZGg,10,0
CA,UE_fvET7Aj16w7Cluj7ZGg,11,0
CA,UE_fvET7Aj16w7Cluj7ZGg,12,0
CA,UE_fvET7Aj16w7Cluj7ZGg,13,0
CA,UE_fvET7Aj16w7Cluj7ZGg,14,0
CA,UE_fvET7Aj16w7Cluj7ZGg,15,0
CA,UE_fvET7Aj16w7Cluj7ZGg,16,0
CA,UE_fvET7Aj16w7Cluj7ZGg,17,0
CA,UE_fvET7Aj16w7Cluj7ZGg,18,0
CA,UE_fvET7Aj16w7Cluj7ZGg,19,0
CA,UE_fvET7Aj16w7Cluj7ZGg,20,1
CA,UE_fvET7Aj16w7Cluj7ZGg,21,0
CA,UE_fvET7Aj16w7Cluj7ZGg,22,1
CA,UE_fvET7Aj16w7Cluj7ZGg,23,0
TX,zZ3XzaG82sL4OU90Mpp60w,0,0
TX,zZ3XzaG82sL4OU90Mpp60w,1,0
TX,zZ3XzaG82sL4OU90Mpp60w,2,0
TX,zZ3XzaG82sL4OU90Mpp60w,3,0
TX,zZ3XzaG82sL4OU90Mpp60w,4,0
TX,zZ3XzaG82sL4OU90Mpp60w,5,0
TX,zZ3XzaG82sL4OU90Mpp60w,6,0
TX,zZ3XzaG82sL4OU90Mpp60w,7,0
TX,zZ3XzaG82sL4OU90Mpp60w,8,0
TX,zZ3XzaG82sL4OU90Mpp60w,9,0
TX,zZ3XzaG82sL4OU90Mpp60w,10,0
TX,zZ3XzaG82sL4OU90Mpp60w,11,0
TX,zZ3XzaG82sL4OU90Mpp60w,12,0
TX,zZ3XzaG82sL4OU90Mpp60w,13,0
TX,zZ3XzaG82sL4OU90Mpp60w,14,0
TX,zZ3XzaG82sL4OU90Mpp60w,15,0
TX,zZ3XzaG82sL4OU90Mpp60w,16,0
TX,zZ3XzaG82sL4OU90Mpp60w,17,0
TX,zZ3XzaG82sL4OU90Mpp60w,18,0
TX,zZ3XzaG82sL4OU90Mpp60w,19,0
TX,zZ3XzaG82sL4OU90Mpp60w,20,0
TX,zZ3XzaG82sL4OU90Mpp60w,21,0
TX,zZ3XzaG82sL4OU90Mpp60w,22,0
TX,zZ3XzaG82sL4OU90Mpp60w,23,1
TX,7j5yndEexyQn9cpVXLIIpw,0,306
TX,7j5yndEexyQn9cpVXLIIpw,1,598
TX,7j5yndEexyQn9cpVXLIIpw,2,776
TX,7j5yndEexyQn9cpVXLIIpw,3,654
TX,7j5yndEexyQn9cpVXLIIpw,4,432
TX,7j5yndEexyQn9cpVXLIIpw,5,162
TX,7j5yndEexyQn9cpVXLIIpw,6,41
TX,7j5yndEexyQn9cpVXLIIpw,7,15
TX,7j5yndEexyQn9cpVXLIIpw,8,5
TX,7j5yndEexyQn9cpVXLIIpw,9,1
TX,7j5yndEexyQn9cpVXLIIpw,10,1
TX,7j5yndEexyQn9cpVXLIIpw,11,1
TX,7j5yndEexyQn9cpVXLIIpw,12,1
TX,7j5yndEexyQn9cpVXLIIpw,13,1
TX,7j5yndEexyQn9cpVXLIIpw,14,1
TX,7j5yndEexyQn9cpVXLIIpw,15,6
TX,7j5yndEexyQn9cpVXLIIpw,16,4
TX,7j5yndEexyQn9cpVXLIIpw,17,7
TX,7j5yndEexyQn9cpVXLIIpw,18,37
TX,7j5yndEexyQn9cpVXLIIpw,19,115
TX,7j5yndEexyQn9cpVXLIIpw,20,150
TX,7j5yndEexyQn9cpVXLIIpw,21,91
TX,7j5yndEexyQn9cpVXLIIpw,22,66
TX,7j5yndEexyQn9cpVXLIIpw,23,95
TX,2H9lfg6In0Z5bFi0hbWOIg,0,10
TX,2H9lfg6In0Z5bFi0hbWOIg,1,17
TX,2H9lfg6In0Z5bFi0hbWOIg,2,12
TX,2H9lfg6In0Z5bFi0hbWOIg,3,19
TX,2H9lfg6In0Z5bFi0hbWOIg,4,10
TX,2H9lfg6In0Z5bFi0hbWOIg,5,3
TX,2H9lfg6In0Z5bFi0hbWOIg,6,0
TX,2H9lfg6In0Z5bFi0hbWOIg,7,1
TX,2H9lfg6In0Z5bFi0hbWOIg,8,0
TX,2H9lfg6In0Z5bFi0hbWOIg,9,0
TX,2H9lfg6In0Z5bFi0hbWOIg,10,0
TX,2H9lfg6In0Z5bFi0hbWOIg,11,0
TX,2H9lfg6In0Z5bFi0hbWOIg,12,1
TX,2H9lfg6In0Z5bFi0hbWOIg,13,1
TX,2H9lfg6In0Z5bFi0hbWOIg,14,1
TX,2H9lfg6In0Z5bFi0hbWOIg,15,5
TX,2H9lfg6In0Z5bFi0hbWOIg,16,2
TX,2H9lfg6In0Z5bFi0hbWOIg,17,1
TX,2H9lfg6In0Z5bFi0hbWOIg,18,4
TX,2H9lfg6In0Z5bFi0hbWOIg,19,13
TX,2H9lfg6In0Z5bFi0hbWOIg,20,5
TX,2H9lfg6In0Z5bFi0hbWOIg,21,2
TX,2H9lfg6In0Z5bFi0hbWOIg,22,3
TX,2H9lfg6In0Z5bFi0hbWOIg,23,3
NY,jH19V2I9fIslnNhDzPmdkA,0,0
NY,jH19V2I9fIslnNhDzPmdkA,1,0
NY,jH19V2I9fIslnNhDzPmdkA,2,0
NY,jH19V2I9fIslnNhDzPmdkA,3,0
NY,jH19V2I9fIslnNhDzPmdkA,4,0
NY,jH19V2I9fIslnNhDzPmdkA,5,0
NY,jH19V2I9fIslnNhDzPmdkA,6,0
NY,jH19V2I9fIslnNhDzPmdkA,7,0
NY,jH19V2I9fIslnNhDzPmdkA,8,0
NY,jH19V2I9fIslnNhDzPmdkA,9,0
NY,jH19V2I9fIslnNhDzPmdkA,10,0
NY,jH19V2I9fIslnNhDzPmdkA,11,0
NY,jH19V2I9fIslnNhDzPmdkA,12,0
NY,jH19V2I9fIslnNhDzPmdkA,13,0
NY,jH19V2I9fIslnNhDzPmdkA,14,0
NY,jH19V2I9fIslnNhDzPmdkA,15,1
NY,jH19V2I9fIslnNhDzPmdkA,16,0
NY,jH19V2I9fIslnNhDzPmdkA,17,0
NY,jH19V2I9fIslnNhDzPmdkA,18,1
NY,jH19V2I9fIslnNhDzPmdkA,19,0
NY,jH19V2I9fIslnNhDzPmdkA,20,0
NY,jH19V2I9fIslnNhDzPmdkA,21,0
NY,jH19V2I9fIslnNhDzPmdkA,22,0
NY,jH19V2I9fIslnNhDzPmdkA,23,0
NY,f5Pg89x-2xek78E9KHMhNg,0,0
NY,f5Pg89x-2xek78E9KHMhNg,1,0
NY,f5Pg89x-2xek78E9KHMhNg,2,0
NY,f5Pg89x-2xek78E9KHMhNg,3,0
NY,f5Pg89x-2xek78E9KHMhNg,4,0
NY,f5Pg89x-2xek78E9KHMhNg,5,0
NY,f5Pg89x-2xek78E9KHMhNg,6,0
NY,f5Pg89x-2xek78E9KHMhNg,7,0
NY,f5Pg89x-2xek78E9KHMhNg,8,0
NY,f5Pg89x-2xek78E9KHMhNg,9,0
NY,f5Pg89x-2xek78E9KHMhNg,10,0
NY,f5Pg89x-2xek78E9KHMhNg,11,1
NY,f5Pg89x-2xek78E9KHMhNg,12,4
NY,f5Pg89x-2xek78E9KHMhNg,13,5
NY,f5Pg89x-2xek78E9KHMhNg,14,7
NY,f5Pg89x-2xek78E9KHMhNg,15,6
NY,f5Pg89x-2xek78E9KHMhNg,16,1
NY,f5Pg89x-2xek78E9KHMhNg,17,3
NY,f5Pg89x-2xek78E9KHMhNg,18,0
NY,f5Pg89x-2xek78E9KHMhNg,19,4
NY,f5Pg89x-2xek78E9KHMhNg,20,1
NY,f5Pg89x-2xek78E9KHMhNg,21,1
NY,f5Pg89x-2xek78E9KHMhNg,22,0
NY,f5Pg89x-2xek78E9KHMhNg,23,0
NY,6ipr7nnwrzf_o3MGD-8nlA,0,2
NY,6ipr7nnwrzf_o3MGD-8nlA,1,1
NY,6ipr7nnwrzf_o3MGD-8nlA,2,0
NY,6ipr7nnwrzf_o3MGD-8nlA,3,0
NY,6ipr7nnwrzf_o3MGD-8nlA,4,0
NY,6ipr7nnwrzf_o3MGD-8nlA,5,0
NY,6ipr7nnwrzf_o3MGD-8nlA,6,0
NY,6ipr7nnwrzf_o3MGD-8nlA,7,0
NY,6ipr7nnwrzf_o3MGD-8nlA,8,0
NY,6ipr7nnwrzf_o3MGD-8nlA,9,0
NY,6ipr7nnwrzf_o3MGD-8nlA,10,0
NY,6ipr7nnwrzf_o3MGD-8nlA,11,0
NY,6ipr7nnwrzf_o3MGD-8nlA,12,0
NY,6ipr7nnwrzf_o3MGD-8nlA,13,0
NY,6ipr7nnwrzf_o3MGD-8nlA,14,0
NY,6ipr7nnwrzf_o3MGD-8nlA,15,0
NY,6ipr7nnwrzf_o3MGD-8nlA,16,0
NY,6ipr7nnwrzf_o3MGD-8nlA,17,0
NY,6ipr7nnwrzf_o3MGD-8nlA,18,4
NY,6ipr7nnwrzf_o3MGD-8nlA,19,0
NY,6ipr7nnwrzf_o3MGD-8nlA,20,0
NY,6ipr7nnwrzf_o3MGD-8nlA,21,2
NY,6ipr7nnwrzf_o3MGD-8nlA,22,1
NY,6ipr7nnwrzf_o3MGD-8nlA,23,1
CO,Y-omMxOCDSYd7jbo1PSCig,0,1
CO,Y-omMxOCDSYd7jbo1PSCig,1,4
CO,Y-omMxOCDSYd7jbo1PSCig,2,6
CO,Y-omMxOCDSYd7jbo1PSCig,3,5
CO,Y-omMxOCDSYd7jbo1PSCig,4,3
CO,Y-omMxOCDSYd7jbo1PSCig,5,2
CO,Y-omMxOCDSYd7jbo1PSCig,6,1
CO,Y-omMxOCDSYd7jbo1PSCig,7,0
CO,Y-omMxOCDSYd7jbo1PSCig,8,0
CO,Y-omMxOCDSYd7jbo1PSCig,9,0
CO,Y-omMxOCDSYd7jbo1PSCig,10,0
CO,Y-omMxOCDSYd7jbo1PSCig,11,0
CO,Y-omMxOCDSYd7jbo1PSCig,12,0
CO,Y-omMxOCDSYd7jbo1PSCig,13,0
CO,Y-omMxOCDSYd7jbo1PSCig,14,0
CO,Y-omMxOCDSYd7jbo1PSCig,15,2
CO,Y-omMxOCDSYd7jbo1PSCig,16,1
CO,Y-omMxOCDSYd7jbo1PSCig,17,0
CO,Y-omMxOCDSYd7jbo1PSCig,18,0
CO,Y-omMxOCDSYd7jbo1PSCig,19,0
CO,Y-omMxOCDSYd7jbo1PSCig,20,0
CO,Y-omMxOCDSYd7jbo1PSCig,21,0
CO,Y-omMxOCDSYd7jbo1PSCig,22,3
CO,Y-omMxOCDSYd7jbo1PSCig,23,2
CO,D2RoOb4UkH2azf8DgvNfUA,0,5
CO,D2RoOb4UkH2azf8DgvNfUA,1,4
CO,D2RoOb4UkH2azf8DgvNfUA,2,6
CO,D2RoOb4UkH2azf8DgvNfUA,3,2
CO,D2RoOb4UkH2azf8DgvNfUA,4,3
CO,D2RoOb4UkH2azf8DgvNfUA,5,1
CO,D2RoOb4UkH2azf8DgvNfUA,6,0
CO,D2RoOb4UkH2azf8DgvNfUA,7,0
CO,D2RoOb4UkH2azf8DgvNfUA,8,0
CO,D2RoOb4UkH2azf8DgvNfUA,9,0
CO,D2RoOb4UkH2azf8DgvNfUA,10,0
CO,D2RoOb4UkH2azf8DgvNfUA,11,0
CO,D2RoOb4UkH2azf8DgvNfUA,12,0
CO,D2RoOb4UkH2azf8DgvNfUA,13,0
CO,D2RoOb4UkH2azf8DgvNfUA,14,0
CO,D2RoOb4UkH2azf8DgvNfUA,15,0
CO,D2RoOb4UkH2azf8DgvNfUA,16,4
CO,D2RoOb4UkH2azf8DgvNfUA,17,2
CO,D2RoOb4UkH2azf8DgvNfUA,18,1
CO,D2RoOb4UkH2azf8DgvNfUA,19,0
CO,D2RoOb4UkH2azf8DgvNfUA,20,2
CO,D2RoOb4UkH2azf8DgvNfUA,21,1
CO,D2RoOb4UkH2azf8DgvNfUA,22,5
CO,D2RoOb4UkH2azf8DgvNfUA,23,4
GA,iuaF3WLy4ED12iiJ0GADJg,0,0
GA,iuaF3WLy4ED12iiJ0GADJg,1,0
GA,iuaF3WLy4ED12iiJ0GADJg,2,0
GA,iuaF3WLy4ED12iiJ0GADJg,3,0
GA,iuaF3WLy4ED12iiJ0GADJg,4,0
GA,iuaF3WLy4ED12iiJ0GADJg,5,0
GA,iuaF3WLy4ED12iiJ0GADJg,6,0
GA,iuaF3WLy4ED12iiJ0GADJg,7,0
GA,iuaF3WLy4ED12iiJ0GADJg,8,0
GA,iuaF3WLy4ED12iiJ0GADJg,9,0
GA,iuaF3WLy4ED12iiJ0GADJg,10,0
GA,iuaF3WLy4ED12iiJ0GADJg,11,0
GA,iuaF3WLy4ED12iiJ0GADJg,12,0
GA,iuaF3WLy4ED12iiJ0GADJg,13,0
GA,iuaF3WLy4ED12iiJ0GADJg,14,0
GA,iuaF3WLy4ED12iiJ0GADJg,15,0
GA,iuaF3WLy4ED12iiJ0GADJg,16,0
GA,iuaF3WLy4ED12iiJ0GADJg,17,0
GA,iuaF3WLy4ED12iiJ0GADJg,18,0
GA,iuaF3WLy4ED12iiJ0GADJg,19,0
GA,iuaF3WLy4ED12iiJ0GADJg,20,1
GA,iuaF3WLy4ED12iiJ0GADJg,21,0
GA,iuaF3WLy4ED12iiJ0GADJg,22,2
GA,iuaF3WLy4ED12iiJ0GADJg,23,0
GA,Gr4bB2OfHE6OYX48HcaxVw,0,0
GA,Gr4bB2OfHE6OYX48HcaxVw,1,0
GA,Gr4bB2OfHE6OYX48HcaxVw,2,0
GA,Gr4bB2OfHE6OYX48HcaxVw,3,1
GA,Gr4bB2OfHE6OYX48HcaxVw,4,0
GA,Gr4bB2OfHE6OYX48HcaxVw,5,0
GA,Gr4bB2OfHE6OYX48HcaxVw,6,0
GA,Gr4bB2OfHE6OYX48HcaxVw,7,0
GA,Gr4bB2OfHE6OYX48HcaxVw,8,0
GA,Gr4bB2OfHE6OYX48HcaxVw,9,0
GA,Gr4bB2OfHE6OYX48HcaxVw,10,0
GA,Gr4bB2OfHE6OYX48HcaxVw,11,0
GA,Gr4bB2OfHE6OYX48HcaxVw,12,0
GA,Gr4bB2OfHE6OYX48HcaxVw,13,0
GA,Gr4bB2OfHE6OYX48HcaxVw,14,0
GA,Gr4bB2OfHE6OYX48HcaxVw,15,0
GA,Gr4bB2OfHE6OYX48HcaxVw,16,0
GA,Gr4bB2OfHE6OYX48HcaxVw,17,0
GA,Gr4bB2OfHE6OYX48HcaxVw,18,0
GA,Gr4bB2OfHE6OYX48HcaxVw,19,0
GA,Gr4bB2OfHE6OYX48HcaxVw,20,0
GA,Gr4bB2OfHE6OYX48HcaxVw,21,0
GA,Gr4bB2OfHE6OYX48HcaxVw,22,0
GA,Gr4bB2OfHE6OYX48HcaxVw,23,0
AL,sbtxQN1-pxyfNr_aVYew9Q,0,0
AL,sbtxQN1-pxyfNr_aVYew9Q,1,0
AL,sbtxQN1-pxyfNr_aVYew9Q,2,0
AL,sbtxQN1-pxyfNr_aVYew9Q,3,0
AL,sbtxQN1-pxyfNr_aVYew9Q,4,0
AL,sbtxQN1-pxyfNr_aVYew9Q,5,0
AL,sbtxQN1-pxyfNr_aVYew9Q,6,0
AL,sbtxQN1-pxyfNr_aVYew9Q,7,0
AL,sbtxQN1-pxyfNr_aVYew9Q,8,0
AL,sbtxQN1-pxyfNr_aVYew9Q,9,0
AL,sbtxQN1-pxyfNr_aVYew9Q,10,0
AL,sbtxQN1-pxyfNr_aVYew9Q,11,0
AL,sbtxQN1-pxyfNr_aVYew9Q,12,0
AL,sbtxQN1-pxyfNr_aVYew9Q,13,0
AL,sbtxQN1-pxyfNr_aVYew9Q,14,0
AL,sbtxQN1-pxyfNr_aVYew9Q,15,0
AL,sbtxQN1-pxyfNr_aVYew9Q,16,1
AL,sbtxQN1-pxyfNr_aVYew9Q,17,0
AL,sbtxQN1-pxyfNr_aVYew9Q,18,0
AL,sbtxQN1-pxyfNr_aVYew9Q,19,0
AL,sbtxQN1-pxyfNr_aVYew9Q,20,0
AL,sbtxQN1-pxyfNr_aVYew9Q,21,0
AL,sbtxQN1-pxyfNr_aVYew9Q,22,0
AL,sbtxQN1-pxyfNr_aVYew9Q,23,0
AL,6NAWNCgdLHeMh3wHRgu6vw,0,5
AL,6NAWNCgdLHeMh3wHRgu6vw,1,6
AL,6NAWNCgdLHeMh3wHRgu6vw,2,3
AL,6NAWNCgdLHeMh3wHRgu6vw,3,0
AL,6NAWNCgdLHeMh3wHRgu6vw,4,3
AL,6NAWNCgdLHeMh3wHRgu6vw,5,0
AL,6NAWNCgdLHeMh3wHRgu6vw,6,0
AL,6NAWNCgdLHeMh3wHRgu6vw,7,2
AL,6NAWNCgdLHeMh3wHRgu6vw,8,1
AL,6NAWNCgdLHeMh3wHRgu6vw,9,0
AL,6NAWNCgdLHeMh3wHRgu6vw,10,2
AL,6NAWNCgdLHeMh3wHRgu6vw,11,0
AL,6NAWNCgdLHeMh3wHRgu6vw,12,2
AL,6NAWNCgdLHeMh3wHRgu6vw,13,2
AL,6NAWNCgdLHeMh3wHRgu6vw,14,0
AL,6NAWNCgdLHeMh3wHRgu6vw,15,4
AL,6NAWNCgdLHeMh3wHRgu6vw,16,0
AL,6NAWNCgdLHeMh3wHRgu6vw,17,1
AL,6NAWNCgdLHeMh3wHRgu6vw,18,1
AL,6NAWNCgdLHeMh3wHRgu6vw,19,4
AL,6NAWNCgdLHeMh3wHRgu6vw,20,1
AL,6NAWNCgdLHeMh3wHRgu6vw,21,1
AL,6NAWNCgdLHeMh3wHRgu6vw,22,5
AL,6NAWNCgdLHeMh3wHRgu6vw,23,3
AL,sSlMkHBYFOMYbrYG5Jg0Bw,0,0
AL,sSlMkHBYFOMYbrYG5Jg0Bw,1,0
AL,sSlMkHBYFOMYbrYG5Jg0Bw,2,0
AL,sSlMkHBYFOMYbrYG5Jg0Bw,3,0
AL,sSlMkHBYFOMYbrYG5Jg0Bw,4,0
AL,sSlMkHBYFOMYbrYG5Jg0Bw,5,0
AL,sSlMkHBYFOMYbrYG5Jg0Bw,6,0
AL,sSlMkHBYFOMYbrYG5Jg0Bw,7,0
AL,sSlMkHBYFOMYbrYG5Jg0Bw,8,0
AL,sSlMkHBYFOMYbrYG5Jg0Bw,9,0
AL,sSlMkHBYFOMYbrYG5Jg0Bw,10,0
AL,sSlMkHBYFOMYbrYG5Jg0Bw,11,0
AL,sSlMkHBYFOMYbrYG5Jg0Bw,12,0
AL,sSlMkHBYFOMYbrYG5Jg0Bw,13,0
AL,sSlMkHBYFOMYbrYG5Jg0Bw,14,0
AL,sSlMkHBYFOMYbrYG5Jg0Bw,15,0
AL,sSlMkHBYFOMYbrYG5Jg0Bw,16,0
AL,sSlMkHBYFOMYbrYG5Jg0Bw,17,0
AL,sSlMkHBYFOMYbrYG5Jg0Bw,18,0
AL,sSlMkHBYFOMYbrYG5Jg0Bw,19,0
AL,sSlMkHBYFOMYbrYG5Jg0Bw,20,1
AL,sSlMkHBYFOMYbrYG5Jg0Bw,21,0
AL,sSlMkHBYFOMYbrYG5Jg0Bw,22,0
AL,sSlMkHBYFOMYbrYG5Jg0Bw,23,1
UT,Z1Lq5llLEbtkW54JRr7sJw,0,1
UT,Z1Lq5llLEbtkW54JRr7sJw,1,1
UT,Z1Lq5llLEbtkW54JRr7sJw,2,0
UT,Z1Lq5llLEbtkW54JRr7sJw,3,0
UT,Z1Lq5llLEbtkW54JRr7sJw,4,0
UT,Z1Lq5llLEbtkW54JRr7sJw,5,0
UT,Z1Lq5llLEbtkW54JRr7sJw,6,0
UT,Z1Lq5llLEbtkW54JRr7sJw,7,0
UT,Z1Lq5llLEbtkW54JRr7sJw,8,0
UT,Z1Lq5llLEbtkW54JRr7sJw,9,0
UT,Z1Lq5llLEbtkW54JRr7sJw,10,0
UT,Z1Lq5llLEbtkW54JRr7sJw,11,0
UT,Z1Lq5llLEbtkW54JRr7sJw,12,0
UT,Z1Lq5llLEbtkW54JRr7sJw,13,0
UT,Z1Lq5llLEbtkW54JRr7sJw,14,0
UT,Z1Lq5llLEbtkW54JRr7sJw,15,0
UT,Z1Lq5llLEbtkW54JRr7sJw,16,0
UT,Z1Lq5llLEbtkW54JRr7sJw,17,0
UT,Z1Lq5llLEbtkW54JRr7sJw,18,0
UT,Z1Lq5llLEbtkW54JRr7sJw,19,0
UT,Z1Lq5llLEbtkW54JRr7sJw,20,0
UT,Z1Lq5llLEbtkW54JRr7sJw,21,0
UT,Z1Lq5llLEbtkW54JRr7sJw,22,0
UT,Z1Lq5llLEbtkW54JRr7sJw,23,0
VT,tJRDll5yqpZwehenzE2cSg,0,2
VT,tJRDll5yqpZwehenzE2cSg,1,1
VT,tJRDll5yqpZwehenzE2cSg,2,0
VT,tJRDll5yqpZwehenzE2cSg,3,0
VT,tJRDll5yqpZwehenzE2cSg,4,0
VT,tJRDll5yqpZwehenzE2cSg,5,0
VT,tJRDll5yqpZwehenzE2cSg,6,0
VT,tJRDll5yqpZwehenzE2cSg,7,0
VT,tJRDll5yqpZwehenzE2cSg,8,0
VT,tJRDll5yqpZwehenzE2cSg,9,0
VT,tJRDll5yqpZwehenzE2cSg,10,0
VT,tJRDll5yqpZwehenzE2cSg,11,0
VT,tJRDll5yqpZwehenzE2cSg,12,1
VT,tJRDll5yqpZwehenzE2cSg,13,0
VT,tJRDll5yqpZwehenzE2cSg,14,0
VT,tJRDll5yqpZwehenzE2cSg,15,0
VT,tJRDll5yqpZwehenzE2cSg,16,1
VT,tJRDll5yqpZwehenzE2cSg,17,0
VT,tJRDll5yqpZwehenzE2cSg,18,0
VT,tJRDll5yqpZwehenzE2cSg,19,0
VT,tJRDll5yqpZwehenzE2cSg,20,0
VT,tJRDll5yqpZwehenzE2cSg,21,0
VT,tJRDll5yqpZwehenzE2cSg,22,1
VT,tJRDll5yqpZwehenzE2cSg,23,1
WA,GIqiqpvaSLLKVGbp5cmFkA,0,1
WA,GIqiqpvaSLLKVGbp5cmFkA,1,0
WA,GIqiqpvaSLLKVGbp5cmFkA,2,2
WA,GIqiqpvaSLLKVGbp5cmFkA,3,0
WA,GIqiqpvaSLLKVGbp5cmFkA,4,0
WA,GIqiqpvaSLLKVGbp5cmFkA,5,0
WA,GIqiqpvaSLLKVGbp5cmFkA,6,1
WA,GIqiqpvaSLLKVGbp5cmFkA,7,0
WA,GIqiqpvaSLLKVGbp5cmFkA,8,0
WA,GIqiqpvaSLLKVGbp5cmFkA,9,0
WA,GIqiqpvaSLLKVGbp5cmFkA,10,0
WA,GIqiqpvaSLLKVGbp5cmFkA,11,0
WA,GIqiqpvaSLLKVGbp5cmFkA,12,0
WA,GIqiqpvaSLLKVGbp5cmFkA,13,0
WA,GIqiqpvaSLLKVGbp5cmFkA,14,0
WA,GIqiqpvaSLLKVGbp5cmFkA,15,0
WA,GIqiqpvaSLLKVGbp5cmFkA,16,0
WA,GIqiqpvaSLLKVGbp5cmFkA,17,1
WA,GIqiqpvaSLLKVGbp5cmFkA,18,0
WA,GIqiqpvaSLLKVGbp5cmFkA,19,0
WA,GIqiqpvaSLLKVGbp5cmFkA,20,1
WA,GIqiqpvaSLLKVGbp5cmFkA,21,1
WA,GIqiqpvaSLLKVGbp5cmFkA,22,2
WA,GIqiqpvaSLLKVGbp5cmFkA,23,0
WA,SqWeTQqHL--uksgVcpw_Xw,0,1
WA,SqWeTQqHL--uksgVcpw_Xw,1,0
WA,SqWeTQqHL--uksgVcpw_Xw,2,0
WA,SqWeTQqHL--uksgVcpw_Xw,3,0
WA,SqWeTQqHL--uksgVcpw_Xw,4,0
WA,SqWeTQqHL--uksgVcpw_Xw,5,0
WA,SqWeTQqHL--uksgVcpw_Xw,6,0
WA,SqWeTQqHL--uksgVcpw_Xw,7,0
WA,SqWeTQqHL--uksgVcpw_Xw,8,0
WA,SqWeTQqHL--uksgVcpw_Xw,9,0
WA,SqWeTQqHL--uksgVcpw_Xw,10,0
WA,SqWeTQqHL--uksgVcpw_Xw,11,0
WA,SqWeTQqHL--uksgVcpw_Xw,12,0
WA,SqWeTQqHL--uksgVcpw_Xw,13,0
WA,SqWeTQqHL--uksgVcpw_Xw,14,1
WA,SqWeTQqHL--uksgVcpw_Xw,15,0
WA,SqWeTQqHL--uksgVcpw_Xw,16,0
WA,SqWeTQqHL--uksgVcpw_Xw,17,0
WA,SqWeTQqHL--uksgVcpw_Xw,18,0
WA,SqWeTQqHL--uksgVcpw_Xw,19,0
WA,SqWeTQqHL--uksgVcpw_Xw,20,0
WA,SqWeTQqHL--uksgVcpw_Xw,21,1
WA,SqWeTQqHL--uksgVcpw_Xw,22,0
WA,SqWeTQqHL--uksgVcpw_Xw,23,1
NE,NJgEanFCcBPxY5eKyEf2Lg,0,0
NE,NJgEanFCcBPxY5eKyEf2Lg,1,0
NE,NJgEanFCcBPxY5eKyEf2Lg,2,0
NE,NJgEanFCcBPxY5eKyEf2Lg,3,0
NE,NJgEanFCcBPxY5eKyEf2Lg,4,0
NE,NJgEanFCcBPxY5eKyEf2Lg,5,0
NE,NJgEanFCcBPxY5eKyEf2Lg,6,0
NE,NJgEanFCcBPxY5eKyEf2Lg,7,0
NE,NJgEanFCcBPxY5eKyEf2Lg,8,0
NE,NJgEanFCcBPxY5eKyEf2Lg,9,0
NE,NJgEanFCcBPxY5eKyEf2Lg,10,0
NE,NJgEanFCcBPxY5eKyEf2Lg,11,0
NE,NJgEanFCcBPxY5eKyEf2Lg,12,0
NE,NJgEanFCcBPxY5eKyEf2Lg,13,0
NE,NJgEanFCcBPxY5eKyEf2Lg,14,0
NE,NJgEanFCcBPxY5eKyEf2Lg,15,0
NE,NJgEanFCcBPxY5eKyEf2Lg,16,0
NE,NJgEanFCcBPxY5eKyEf2Lg,17,0
NE,NJgEanFCcBPxY5eKyEf2Lg,18,0
NE,NJgEanFCcBPxY5eKyEf2Lg,19,0
NE,NJgEanFCcBPxY5eKyEf2Lg,20,1
NE,NJgEanFCcBPxY5eKyEf2Lg,21,0
NE,NJgEanFCcBPxY5eKyEf2Lg,22,0
NE,NJgEanFCcBPxY5eKyEf2Lg,23,0
MI,1UvD251wzNWGpECX1uQmBA,0,0
MI,1UvD251wzNWGpECX1uQmBA,1,0
MI,1UvD251wzNWGpECX1uQmBA,2,0
MI,1UvD251wzNWGpECX1uQmBA,3,0
MI,1UvD251wzNWGpECX1uQmBA,4,0
MI,1UvD251wzNWGpECX1uQmBA,5,0
MI,1UvD251wzNWGpECX1uQmBA,6,0
MI,1UvD251wzNWGpECX1uQmBA,7,0
MI,1UvD251wzNWGpECX1uQmBA,8,0
MI,1UvD251wzNWGpECX1uQmBA,9,0
MI,1UvD251wzNWGpECX1uQmBA,10,0
MI,1UvD251wzNWGpECX1uQmBA,11,0
MI,1UvD251wzNWGpECX1uQmBA,12,1
MI,1UvD251wzNWGpECX1uQmBA,13,0
MI,1UvD251wzNWGpECX1uQmBA,14,0
MI,1UvD251wzNWGpECX1uQmBA,15,0
MI,1UvD251wzNWGpECX1uQmBA,16,0
MI,1UvD251wzNWGpECX1uQmBA,17,0
MI,1UvD251wzNWGpECX1uQmBA,18,0
MI,1UvD251wzNWGpECX1uQmBA,19,2
MI,1UvD251wzNWGpECX1uQmBA,20,0
MI,1UvD251wzNWGpECX1uQmBA,21,2
MI,1UvD251wzNWGpECX1uQmBA,22,0
MI,1UvD251wzNWGpECX1uQmBA,23,0
FL,Zn3GV2xa9a-8bHjUM-2sow,0,1
FL,Zn3GV2xa9a-8bHjUM-2sow,1,1
FL,Zn3GV2xa9a-8bHjUM-2sow,2,1
FL,Zn3GV2xa9a-8bHjUM-2sow,3,0
FL,Zn3GV2xa9a-8bHjUM-2sow,4,0
FL,Zn3GV2xa9a-8bHjUM-2sow,5,0
FL,Zn3GV2xa9a-8bHjUM-2sow,6,0
FL,Zn3GV2xa9a-8bHjUM-2sow,7,0
FL,Zn3GV2xa9a-8bHjUM-2sow,8,0
FL,Zn3GV2xa9a-8bHjUM-2sow,9,0
FL,Zn3GV2xa9a-8bHjUM-2sow,10,0
FL,Zn3GV2xa9a-8bHjUM-2sow,11,0
FL,Zn3GV2xa9a-8bHjUM-2sow,12,0
FL,Zn3GV2xa9a-8bHjUM-2sow,13,0
FL,Zn3GV2xa9a-8bHjUM-2sow,14,0
FL,Zn3GV2xa9a-8bHjUM-2sow,15,0
FL,Zn3GV2xa9a-8bHjUM-2sow,16,0
FL,Zn3GV2xa9a-8bHjUM-2sow,17,0
FL,Zn3GV2xa9a-8bHjUM-2sow,18,0
FL,Zn3GV2xa9a-8bHjUM-2sow,19,0
FL,Zn3GV2xa9a-8bHjUM-2sow,20,0
FL,Zn3GV2xa9a-8bHjUM-2sow,21,1
FL,Zn3GV2xa9a-8bHjUM-2sow,22,0
FL,Zn3GV2xa9a-8bHjUM-2sow,23,2
AR,pyOHNzoMBJjZyihZPWYtFA,0,11
AR,pyOHNzoMBJjZyihZPWYtFA,1,13
AR,pyOHNzoMBJjZyihZPWYtFA,2,16
AR,pyOHNzoMBJjZyihZPWYtFA,3,6
AR,pyOHNzoMBJjZyihZPWYtFA,4,7
AR,pyOHNzoMBJjZyihZPWYtFA,5,7
AR,pyOHNzoMBJjZyihZPWYtFA,6,7
AR,pyOHNzoMBJjZyihZPWYtFA,7,5
AR,pyOHNzoMBJjZyihZPWYtFA,8,1
AR,pyOHNzoMBJjZyihZPWYtFA,9,1
AR,pyOHNzoMBJjZyihZPWYtFA,10,0
AR,pyOHNzoMBJjZyihZPWYtFA,11,0
AR,pyOHNzoMBJjZyihZPWYtFA,12,0
AR,pyOHNzoMBJjZyihZPWYtFA,13,0
AR,pyOHNzoMBJjZyihZPWYtFA,14,1
AR,pyOHNzoMBJjZyihZPWYtFA,15,4
AR,pyOHNzoMBJjZyihZPWYtFA,16,5
AR,pyOHNzoMBJjZyihZPWYtFA,17,4
AR,pyOHNzoMBJjZyihZPWYtFA,18,4
AR,pyOHNzoMBJjZyihZPWYtFA,19,9
AR,pyOHNzoMBJjZyihZPWYtFA,20,9
AR,pyOHNzoMBJjZyihZPWYtFA,21,3
AR,pyOHNzoMBJjZyihZPWYtFA,22,7
AR,pyOHNzoMBJjZyihZPWYtFA,23,5
HI,jSoXCOgEZ97KSaMsbiJdPg,0,7
HI,jSoXCOgEZ97KSaMsbiJdPg,1,3
HI,jSoXCOgEZ97KSaMsbiJdPg,2,7
HI,jSoXCOgEZ97KSaMsbiJdPg,3,9
HI,jSoXCOgEZ97KSaMsbiJdPg,4,14
HI,jSoXCOgEZ97KSaMsbiJdPg,5,15
HI,jSoXCOgEZ97KSaMsbiJdPg,6,11
HI,jSoXCOgEZ97KSaMsbiJdPg,7,5
HI,jSoXCOgEZ97KSaMsbiJdPg,8,1
HI,jSoXCOgEZ97KSaMsbiJdPg,9,1
HI,jSoXCOgEZ97KSaMsbiJdPg,10,0
HI,jSoXCOgEZ97KSaMsbiJdPg,11,0
HI,jSoXCOgEZ97KSaMsbiJdPg,12,0
HI,jSoXCOgEZ97KSaMsbiJdPg,13,0
HI,jSoXCOgEZ97KSaMsbiJdPg,14,0
HI,jSoXCOgEZ97KSaMsbiJdPg,15,0
HI,jSoXCOgEZ97KSaMsbiJdPg,16,0
HI,jSoXCOgEZ97KSaMsbiJdPg,17,0
HI,jSoXCOgEZ97KSaMsbiJdPg,18,0
HI,jSoXCOgEZ97KSaMsbiJdPg,19,0
HI,jSoXCOgEZ97KSaMsbiJdPg,20,2
HI,jSoXCOgEZ97KSaMsbiJdPg,21,7
HI,jSoXCOgEZ97KSaMsbiJdPg,22,3
HI,jSoXCOgEZ97KSaMsbiJdPg,23,1
OR,pp7XScHhSmEHc5k2EsLLcw,0,1
OR,pp7XScHhSmEHc5k2EsLLcw,1,1
OR,pp7XScHhSmEHc5k2EsLLcw,2,0
OR,pp7XScHhSmEHc5k2EsLLcw,3,0
OR,pp7XScHhSmEHc5k2EsLLcw,4,1
OR,pp7XScHhSmEHc5k2EsLLcw,5,0
OR,pp7XScHhSmEHc5k2EsLLcw,6,0
OR,pp7XScHhSmEHc5k2EsLLcw,7,0
OR,pp7XScHhSmEHc5k2EsLLcw,8,0
OR,pp7XScHhSmEHc5k2EsLLcw,9,0
OR,pp7XScHhSmEHc5k2EsLLcw,10,0
OR,pp7XScHhSmEHc5k2EsLLcw,11,0
OR,pp7XScHhSmEHc5k2EsLLcw,12,0
OR,pp7XScHhSmEHc5k2EsLLcw,13,0
OR,pp7XScHhSmEHc5k2EsLLcw,14,0
OR,pp7XScHhSmEHc5k2EsLLcw,15,0
OR,pp7XScHhSmEHc5k2EsLLcw,16,0
OR,pp7XScHhSmEHc5k2EsLLcw,17,0
OR,pp7XScHhSmEHc5k2EsLLcw,18,0
OR,pp7XScHhSmEHc5k2EsLLcw,19,0
OR,pp7XScHhSmEHc5k2EsLLcw,20,0
OR,pp7XScHhSmEHc5k2EsLLcw,21,0
OR,pp7XScHhSmEHc5k2EsLLcw,22,0
OR,pp7XScHhSmEHc5k2EsLLcw,23,1
AK,WwwYZakdSQM9174gdZdUIA,0,0
AK,WwwYZakdSQM9174gdZdUIA,1,0
AK,WwwYZakdSQM9174gdZdUIA,2,0
AK,WwwYZakdSQM9174gdZdUIA,3,1
AK,WwwYZakdSQM9174gdZdUIA,4,0
AK,WwwYZakdSQM9174gdZdUIA,5,0
AK,WwwYZakdSQM9174gdZdUIA,6,0
AK,WwwYZakdSQM9174gdZdUIA,7,0
AK,WwwYZakdSQM9174gdZdUIA,8,0
AK,WwwYZakdSQM9174gdZdUIA,9,0
AK,WwwYZakdSQM9174gdZdUIA,10,0
AK,WwwYZakdSQM9174gdZdUIA,11,0
AK,WwwYZakdSQM9174gdZdUIA,12,0
AK,WwwYZakdSQM9174gdZdUIA,13,0
AK,WwwYZakdSQM9174gdZdUIA,14,0
AK,WwwYZakdSQM9174gdZdUIA,15,0
AK,WwwYZakdSQM9174gdZdUIA,16,0
AK,WwwYZakdSQM9174gdZdUIA,17,0
AK,WwwYZakdSQM9174gdZdUIA,18,0
AK,WwwYZakdSQM9174gdZdUIA,19,1
AK,WwwYZakdSQM9174gdZdUIA,20,0
AK,WwwYZakdSQM9174gdZdUIA,21,1
AK,WwwYZakdSQM9174gdZdUIA,22,1
AK,WwwYZakdSQM9174gdZdUIA,23,2
VA,e4PCkJENurMOxuXd9ZMMPA,0,0
VA,e4PCkJENurMOxuXd9ZMMPA,1,2
VA,e4PCkJENurMOxuXd9ZMMPA,2,0
VA,e4PCkJENurMOxuXd9ZMMPA,3,0
VA,e4PCkJENurMOxuXd9ZMMPA,4,0
VA,e4PCkJENurMOxuXd9ZMMPA,5,0
VA,e4PCkJENurMOxuXd9ZMMPA,6,0
VA,e4PCkJENurMOxuXd9ZMMPA,7,0
VA,e4PCkJENurMOxuXd9ZMMPA,8,0
VA,e4PCkJENurMOxuXd9ZMMPA,9,0
VA,e4PCkJENurMOxuXd9ZMMPA,10,0
VA,e4PCkJENurMOxuXd9ZMMPA,11,0
VA,e4PCkJENurMOxuXd9ZMMPA,12,0
VA,e4PCkJENurMOxuXd9ZMMPA,13,0
VA,e4PCkJENurMOxuXd9ZMMPA,14,0
VA,e4PCkJENurMOxuXd9ZMMPA,15,3
VA,e4PCkJENurMOxuXd9ZMMPA,16,5
VA,e4PCkJENurMOxuXd9ZMMPA,17,3
VA,e4PCkJENurMOxuXd9ZMMPA,18,0
VA,e4PCkJENurMOxuXd9ZMMPA,19,1
VA,e4PCkJENurMOxuXd9ZMMPA,20,0
VA,e4PCkJENurMOxuXd9ZMMPA,21,1
VA,e4PCkJENurMOxuXd9ZMMPA,22,2
VA,e4PCkJENurMOxuXd9ZMMPA,23,1
CT,Q75WJODIMDC7Y8XRYLDbtQ,0,6
CT,Q75WJODIMDC7Y8XRYLDbtQ,1,3
CT,Q75WJODIMDC7Y8XRYLDbtQ,2,1
CT,Q75WJODIMDC7Y8XRYLDbtQ,3,1
CT,Q75WJODIMDC7Y8XRYLDbtQ,4,1
CT,Q75WJODIMDC7Y8XRYLDbtQ,5,0
CT,Q75WJODIMDC7Y8XRYLDbtQ,6,0
CT,Q75WJODIMDC7Y8XRYLDbtQ,7,0
CT,Q75WJODIMDC7Y8XRYLDbtQ,8,0
CT,Q75WJODIMDC7Y8XRYLDbtQ,9,0
CT,Q75WJODIMDC7Y8XRYLDbtQ,10,0
CT,Q75WJODIMDC7Y8XRYLDbtQ,11,0
CT,Q75WJODIMDC7Y8XRYLDbtQ,12,0
CT,Q75WJODIMDC7Y8XRYLDbtQ,13,0
CT,Q75WJODIMDC7Y8XRYLDbtQ,14,0
CT,Q75WJODIMDC7Y8XRYLDbtQ,15,0
CT,Q75WJODIMDC7Y8XRYLDbtQ,16,2
CT,Q75WJODIMDC7Y8XRYLDbtQ,17,2
CT,Q75WJODIMDC7Y8XRYLDbtQ,18,4
CT,Q75WJODIMDC7Y8XRYLDbtQ,19,6
CT,Q75WJODIMDC7Y8XRYLDbtQ,20,5
CT,Q75WJODIMDC7Y8XRYLDbtQ,21,3
CT,Q75WJODIMDC7Y8XRYLDbtQ,22,6
CT,Q75WJODIMDC7Y8XRYLDbtQ,23,3
MO,3y6ZjuRmK1Jh6_VwBh8VDQ,0,0
MO,3y6ZjuRmK1Jh6_VwBh8VDQ,1,0
MO,3y6ZjuRmK1Jh6_VwBh8VDQ,2,0
MO,3y6ZjuRmK1Jh6_VwBh8VDQ,3,0
MO,3y6ZjuRmK1Jh6_VwBh8VDQ,4,0
MO,3y6ZjuRmK1Jh6_VwBh8VDQ,5,0
MO,3y6ZjuRmK1Jh6_VwBh8VDQ,6,0
MO,3y6ZjuRmK1Jh6_VwBh8VDQ,7,0
MO,3y6ZjuRmK1Jh6_VwBh8VDQ,8,0
MO,3y6ZjuRmK1Jh6_VwBh8VDQ,9,0
MO,3y6ZjuRmK1Jh6_VwBh8VDQ,10,0
MO,3y6ZjuRmK1Jh6_VwBh8VDQ,11,0
MO,3y6ZjuRmK1Jh6_VwBh8VDQ,12,0
MO,3y6ZjuRmK1Jh6_VwBh8VDQ,13,0
MO,3y6ZjuRmK1Jh6_VwBh8VDQ,14,1
MO,3y6ZjuRmK1Jh6_VwBh8VDQ,15,0
MO,3y6ZjuRmK1Jh6_VwBh8VDQ,16,0
MO,3y6ZjuRmK1Jh6_VwBh8VDQ,17,0
MO,3y6ZjuRmK1Jh6_VwBh8VDQ,18,0
MO,3y6ZjuRmK1Jh6_VwBh8VDQ,19,0
MO,3y6ZjuRmK1Jh6_VwBh8VDQ,20,0
MO,3y6ZjuRmK1Jh6_VwBh8VDQ,21,0
MO,3y6ZjuRmK1Jh6_VwBh8VDQ,22,0
MO,3y6ZjuRmK1Jh6_VwBh8VDQ,23,0