State,City,BusinessName,BusinessId,Stars,TimeStamp,Count
NC,Charlotte,Chili Man,3C0bnFhjkgYP9mWORKg6cA,4.94,0,1
NC,Charlotte,Chili Man,3C0bnFhjkgYP9mWORKg6cA,4.94,1,1
NC,Charlotte,Chili Man,3C0bnFhjkgYP9mWORKg6cA,4.94,2,1
NC,Charlotte,Chili Man,3C0bnFhjkgYP9mWORKg6cA,4.94,3,1
NC,Charlotte,Chili Man,3C0bnFhjkgYP9mWORKg6cA,4.94,4,1
NC,Charlotte,Chili Man,3C0bnFhjkgYP9mWORKg6cA,4.94,5,0
NC,Charlotte,Chili Man,3C0bnFhjkgYP9mWORKg6cA,4.94,6,0
NC,Charlotte,Chili Man,3C0bnFhjkgYP9mWORKg6cA,4.94,7,0
NC,Charlotte,Chili Man,3C0bnFhjkgYP9mWORKg6cA,4.94,8,0
NC,Charlotte,Chili Man,3C0bnFhjkgYP9mWORKg6cA,4.94,9,0
NC,Charlotte,Chili Man,3C0bnFhjkgYP9mWORKg6cA,4.94,10,0
NC,Charlotte,Chili Man,3C0bnFhjkgYP9mWORKg6cA,4.94,11,0
NC,Charlotte,Chili Man,3C0bnFhjkgYP9mWORKg6cA,4.94,12,0
NC,Charlotte,Chili Man,3C0bnFhjkgYP9mWORKg6cA,4.94,13,0
NC,Charlotte,Chili Man,3C0bnFhjkgYP9mWORKg6cA,4.94,14,6
NC,Charlotte,Chili Man,3C0bnFhjkgYP9mWORKg6cA,4.94,15,48
NC,Charlotte,Chili Man,3C0bnFhjkgYP9mWORKg6cA,4.94,16,67
NC,Charlotte,Chili Man,3C0bnFhjkgYP9mWORKg6cA,4.94,17,62
NC,Charlotte,Chili Man,3C0bnFhjkgYP9mWORKg6cA,4.94,18,27
NC,Charlotte,Chili Man,3C0bnFhjkgYP9mWORKg6cA,4.94,19,9
NC,Charlotte,Chili Man,3C0bnFhjkgYP9mWORKg6cA,4.94,20,4
NC,Charlotte,Chili Man,3C0bnFhjkgYP9mWORKg6cA,4.94,21,5
NC,Charlotte,Chili Man,3C0bnFhjkgYP9mWORKg6cA,4.94,22,4
NC,Charlotte,Chili Man,3C0bnFhjkgYP9mWORKg6cA,4.94,23,0
NC,Charlotte,Yelp's Wing Fling 2019,Cu5oU2dO3JCEQ4XHK0CfbQ,4.93,0,15
NC,Charlotte,Yelp's Wing Fling 2019,Cu5oU2dO3JCEQ4XHK0CfbQ,4.93,1,10
NC,Charlotte,Yelp's Wing Fling 2019,Cu5oU2dO3JCEQ4XHK0CfbQ,4.93,2,3
NC,Charlotte,Yelp's Wing Fling 2019,Cu5oU2dO3JCEQ4XHK0CfbQ,4.93,3,1
NC,Charlotte,Yelp's Wing Fling 2019,Cu5oU2dO3JCEQ4XHK0CfbQ,4.93,4,0
NC,Charlotte,Yelp's Wing Fling 2019,Cu5oU2dO3JCEQ4XHK0CfbQ,4.93,5,0
NC,Charlotte,Yelp's Wing Fling 2019,Cu5oU2dO3JCEQ4XHK0CfbQ,4.93,6,0
NC,Charlotte,Yelp's Wing Fling 2019,Cu5oU2dO3JCEQ4XHK0CfbQ,4.93,7,0
NC,Charlotte,Yelp's Wing Fling 2019,Cu5oU2dO3JCEQ4XHK0CfbQ,4.93,8,0
NC,Charlotte,Yelp's Wing Fling 2019,Cu5oU2dO3JCEQ4XHK0CfbQ,4.93,9,0
NC,Charlotte,Yelp's Wing Fling 2019,Cu5oU2dO3JCEQ4XHK0CfbQ,4.93,10,0
NC,Charlotte,Yelp's Wing Fling 2019,Cu5oU2dO3JCEQ4XHK0CfbQ,4.93,11,0
NC,Charlotte,Yelp's Wing Fling 2019,Cu5oU2dO3JCEQ4XHK0CfbQ,4.93,12,1
NC,Charlotte,Yelp's Wing Fling 2019,Cu5oU2dO3JCEQ4XHK0CfbQ,4.93,13,0
NC,Charlotte,Yelp's Wing Fling 2019,Cu5oU2dO3JCEQ4XHK0CfbQ,4.93,14,1
NC,Charlotte,Yelp's Wing Fling 2019,Cu5oU2dO3JCEQ4XHK0CfbQ,4.93,15,1
NC,Charlotte,Yelp's Wing Fling 2019,Cu5oU2dO3JCEQ4XHK0CfbQ,4.93,16,1
NC,Charlotte,Yelp's Wing Fling 2019,Cu5oU2dO3JCEQ4XHK0CfbQ,4.93,17,0
NC,Charlotte,Yelp's Wing Fling 2019,Cu5oU2dO3JCEQ4XHK0CfbQ,4.93,18,0
NC,Charlotte,Yelp's Wing Fling 2019,Cu5oU2dO3JCEQ4XHK0CfbQ,4.93,19,2
NC,Charlotte,Yelp's Wing Fling 2019,Cu5oU2dO3JCEQ4XHK0CfbQ,4.93,20,0
NC,Charlotte,Yelp's Wing Fling 2019,Cu5oU2dO3JCEQ4XHK0CfbQ,4.93,21,0
NC,Charlotte,Yelp's Wing Fling 2019,Cu5oU2dO3JCEQ4XHK0CfbQ,4.93,22,11
NC,Charlotte,Yelp's Wing Fling 2019,Cu5oU2dO3JCEQ4XHK0CfbQ,4.93,23,19
NC,Charlotte,Skyview Dentistry,XBfvbNHOji_fRyhzO-KuEw,4.92,0,0
NC,Charlotte,Skyview Dentistry,XBfvbNHOji_fRyhzO-KuEw,4.92,1,0
NC,Charlotte,Skyview Dentistry,XBfvbNHOji_fRyhzO-KuEw,4.92,2,0
NC,Charlotte,Skyview Dentistry,XBfvbNHOji_fRyhzO-KuEw,4.92,3,0
NC,Charlotte,Skyview Dentistry,XBfvbNHOji_fRyhzO-KuEw,4.92,4,0
NC,Charlotte,Skyview Dentistry,XBfvbNHOji_fRyhzO-KuEw,4.92,5,0
NC,Charlotte,Skyview Dentistry,XBfvbNHOji_fRyhzO-KuEw,4.92,6,0
NC,Charlotte,Skyview Dentistry,XBfvbNHOji_fRyhzO-KuEw,4.92,7,0
NC,Charlotte,Skyview Dentistry,XBfvbNHOji_fRyhzO-KuEw,4.92,8,0
NC,Charlotte,Skyview Dentistry,XBfvbNHOji_fRyhzO-KuEw,4.92,9,0
NC,Charlotte,Skyview Dentistry,XBfvbNHOji_fRyhzO-KuEw,4.92,10,0
NC,Charlotte,Skyview Dentistry,XBfvbNHOji_fRyhzO-KuEw,4.92,11,0
NC,Charlotte,Skyview Dentistry,XBfvbNHOji_fRyhzO-KuEw,4.92,12,3
NC,Charlotte,Skyview Dentistry,XBfvbNHOji_fRyhzO-KuEw,4.92,13,4
NC,Charlotte,Skyview Dentistry,XBfvbNHOji_fRyhzO-KuEw,4.92,14,5
NC,Charlotte,Skyview Dentistry,XBfvbNHOji_fRyhzO-KuEw,4.92,15,5
NC,Charlotte,Skyview Dentistry,XBfvbNHOji_fRyhzO-KuEw,4.92,16,5
NC,Charlotte,Skyview Dentistry,XBfvbNHOji_fRyhzO-KuEw,4.92,17,2
NC,Charlotte,Skyview Dentistry,XBfvbNHOji_fRyhzO-KuEw,4.92,18,1
NC,Charlotte,Skyview Dentistry,XBfvbNHOji_fRyhzO-KuEw,4.92,19,1
NC,Charlotte,Skyview Dentistry,XBfvbNHOji_fRyhzO-KuEw,4.92,20,3
NC,Charlotte,Skyview Dentistry,XBfvbNHOji_fRyhzO-KuEw,4.92,21,0
NC,Charlotte,Skyview Dentistry,XBfvbNHOji_fRyhzO-KuEw,4.92,22,0
NC,Charlotte,Skyview Dentistry,XBfvbNHOji_fRyhzO-KuEw,4.92,23,0
AZ,Phoenix,Jeremy Schachter & Zac White - Fairway Independent Mortgage,jikjjW1bN0swCMguFazcxg,4.97,0,1
AZ,Phoenix,Jeremy Schachter & Zac White - Fairway Independent Mortgage,jikjjW1bN0swCMguFazcxg,4.97,1,0
AZ,Phoenix,Jeremy Schachter & Zac White - Fairway Independent Mortgage,jikjjW1bN0swCMguFazcxg,4.97,2,0
AZ,Phoenix,Jeremy Schachter & Zac White - Fairway Independent Mortgage,jikjjW1bN0swCMguFazcxg,4.97,3,0
AZ,Phoenix,Jeremy Schachter & Zac White - Fairway Independent Mortgage,jikjjW1bN0swCMguFazcxg,4.97,4,0
AZ,Phoenix,Jeremy Schachter & Zac White - Fairway Independent Mortgage,jikjjW1bN0swCMguFazcxg,4.97,5,0
AZ,Phoenix,Jeremy Schachter & Zac White - Fairway Independent Mortgage,jikjjW1bN0swCMguFazcxg,4.97,6,0
AZ,Phoenix,Jeremy Schachter & Zac White - Fairway Independent Mortgage,jikjjW1bN0swCMguFazcxg,4.97,7,0
AZ,Phoenix,Jeremy Schachter & Zac White - Fairway Independent Mortgage,jikjjW1bN0swCMguFazcxg,4.97,8,0
AZ,Phoenix,Jeremy Schachter & Zac White - Fairway Independent Mortgage,jikjjW1bN0swCMguFazcxg,4.97,9,0
AZ,Phoenix,Jeremy Schachter & Zac White - Fairway Independent Mortgage,jikjjW1bN0swCMguFazcxg,4.97,10,0
AZ,Phoenix,Jeremy Schachter & Zac White - Fairway Independent Mortgage,jikjjW1bN0swCMguFazcxg,4.97,11,0
AZ,Phoenix,Jeremy Schachter & Zac White - Fairway Independent Mortgage,jikjjW1bN0swCMguFazcxg,4.97,12,0
AZ,Phoenix,Jeremy Schachter & Zac White - Fairway Independent Mortgage,jikjjW1bN0swCMguFazcxg,4.97,13,0
AZ,Phoenix,Jeremy Schachter & Zac White - Fairway Independent Mortgage,jikjjW1bN0swCMguFazcxg,4.97,14,0
AZ,Phoenix,Jeremy Schachter & Zac White - Fairway Independent Mortgage,jikjjW1bN0swCMguFazcxg,4.97,15,0
AZ,Phoenix,Jeremy Schachter & Zac White - Fairway Independent Mortgage,jikjjW1bN0swCMguFazcxg,4.97,16,0
AZ,Phoenix,Jeremy Schachter & Zac White - Fairway Independent Mortgage,jikjjW1bN0swCMguFazcxg,4.97,17,0
AZ,Phoenix,Jeremy Schachter & Zac White - Fairway Independent Mortgage,jikjjW1bN0swCMguFazcxg,4.97,18,1
AZ,Phoenix,Jeremy Schachter & Zac White - Fairway Independent Mortgage,jikjjW1bN0swCMguFazcxg,4.97,19,0
AZ,Phoenix,Jeremy Schachter & Zac White - Fairway Independent Mortgage,jikjjW1bN0swCMguFazcxg,4.97,20,0
AZ,Phoenix,Jeremy Schachter & Zac White - Fairway Independent Mortgage,jikjjW1bN0swCMguFazcxg,4.97,21,0
AZ,Phoenix,Jeremy Schachter & Zac White - Fairway Independent Mortgage,jikjjW1bN0swCMguFazcxg,4.97,22,0
AZ,Phoenix,Jeremy Schachter & Zac White - Fairway Independent Mortgage,jikjjW1bN0swCMguFazcxg,4.97,23,0
AZ,Gilbert,Elite Event: 2019 Yelpies Celebration at SanTan Village,_GdzDB3SU9Ni7mAOQehIXQ,4.96,0,20
AZ,Gilbert,Elite Event: 2019 Yelpies Celebration at SanTan Village,_GdzDB3SU9Ni7mAOQehIXQ,4.96,1,155
AZ,Gilbert,Elite Event: 2019 Yelpies Celebration at SanTan Village,_GdzDB3SU9Ni7mAOQehIXQ,4.96,2,12
AZ,Gilbert,Elite Event: 2019 Yelpies Celebration at SanTan Village,_GdzDB3SU9Ni7mAOQehIXQ,4.96,3,21
AZ,Gilbert,Elite Event: 2019 Yelpies Celebration at SanTan Village,_GdzDB3SU9Ni7mAOQehIXQ,4.96,4,2
AZ,Gilbert,Elite Event: 2019 Yelpies Celebration at SanTan Village,_GdzDB3SU9Ni7mAOQehIXQ,4.96,5,0
AZ,Gilbert,Elite Event: 2019 Yelpies Celebration at SanTan Village,_GdzDB3SU9Ni7mAOQehIXQ,4.96,6,0
AZ,Gilbert,Elite Event: 2019 Yelpies Celebration at SanTan Village,_GdzDB3SU9Ni7mAOQehIXQ,4.96,7,0
AZ,Gilbert,Elite Event: 2019 Yelpies Celebration at SanTan Village,_GdzDB3SU9Ni7mAOQehIXQ,4.96,8,0
AZ,Gilbert,Elite Event: 2019 Yelpies Celebration at SanTan Village,_GdzDB3SU9Ni7mAOQehIXQ,4.96,9,0
AZ,Gilbert,Elite Event: 2019 Yelpies Celebration at SanTan Village,_GdzDB3SU9Ni7mAOQehIXQ,4.96,10,0
AZ,Gilbert,Elite Event: 2019 Yelpies Celebration at SanTan Village,_GdzDB3SU9Ni7mAOQehIXQ,4.96,11,0
AZ,Gilbert,Elite Event: 2019 Yelpies Celebration at SanTan Village,_GdzDB3SU9Ni7mAOQehIXQ,4.96,12,0
AZ,Gilbert,Elite Event: 2019 Yelpies Celebration at SanTan Village,_GdzDB3SU9Ni7mAOQehIXQ,4.96,13,0
AZ,Gilbert,Elite Event: 2019 Yelpies Celebration at SanTan Village,_GdzDB3SU9Ni7mAOQehIXQ,4.96,14,0
AZ,Gilbert,Elite Event: 2019 Yelpies Celebration at SanTan Village,_GdzDB3SU9Ni7mAOQehIXQ,4.96,15,0
AZ,Gilbert,Elite Event: 2019 Yelpies Celebration at SanTan Village,_GdzDB3SU9Ni7mAOQehIXQ,4.96,16,0
AZ,Gilbert,Elite Event: 2019 Yelpies Celebration at SanTan Village,_GdzDB3SU9Ni7mAOQehIXQ,4.96,17,0
AZ,Gilbert,Elite Event: 2019 Yelpies Celebration at SanTan Village,_GdzDB3SU9Ni7mAOQehIXQ,4.96,18,0
AZ,Gilbert,Elite Event: 2019 Yelpies Celebration at SanTan Village,_GdzDB3SU9Ni7mAOQehIXQ,4.96,19,0
AZ,Gilbert,Elite Event: 2019 Yelpies Celebration at SanTan Village,_GdzDB3SU9Ni7mAOQehIXQ,4.96,20,0
AZ,Gilbert,Elite Event: 2019 Yelpies Celebration at SanTan Village,_GdzDB3SU9Ni7mAOQehIXQ,4.96,21,0
AZ,Gilbert,Elite Event: 2019 Yelpies Celebration at SanTan Village,_GdzDB3SU9Ni7mAOQehIXQ,4.96,22,0
AZ,Gilbert,Elite Event: 2019 Yelpies Celebration at SanTan Village,_GdzDB3SU9Ni7mAOQehIXQ,4.96,23,2
AZ,Mesa,Heartwood Tree Care,MueAEUT6iqRyOvuIZ5Ixaw,4.96,0,0
AZ,Mesa,Heartwood Tree Care,MueAEUT6iqRyOvuIZ5Ixaw,4.96,1,2
AZ,Mesa,Heartwood Tree Care,MueAEUT6iqRyOvuIZ5Ixaw,4.96,2,1
AZ,Mesa,Heartwood Tree Care,MueAEUT6iqRyOvuIZ5Ixaw,4.96,3,1
AZ,Mesa,Heartwood Tree Care,MueAEUT6iqRyOvuIZ5Ixaw,4.96,4,0
AZ,Mesa,Heartwood Tree Care,MueAEUT6iqRyOvuIZ5Ixaw,4.96,5,0
AZ,Mesa,Heartwood Tree Care,MueAEUT6iqRyOvuIZ5Ixaw,4.96,6,0
AZ,Mesa,Heartwood Tree Care,MueAEUT6iqRyOvuIZ5Ixaw,4.96,7,0
AZ,Mesa,Heartwood Tree Care,MueAEUT6iqRyOvuIZ5Ixaw,4.96,8,0
AZ,Mesa,Heartwood Tree Care,MueAEUT6iqRyOvuIZ5Ixaw,4.96,9,0
AZ,Mesa,Heartwood Tree Care,MueAEUT6iqRyOvuIZ5Ixaw,4.96,10,0
AZ,Mesa,Heartwood Tree Care,MueAEUT6iqRyOvuIZ5Ixaw,4.96,11,0
AZ,Mesa,Heartwood Tree Care,MueAEUT6iqRyOvuIZ5Ixaw,4.96,12,0
AZ,Mesa,Heartwood Tree Care,MueAEUT6iqRyOvuIZ5Ixaw,4.96,13,0
AZ,Mesa,Heartwood Tree Care,MueAEUT6iqRyOvuIZ5Ixaw,4.96,14,1
AZ,Mesa,Heartwood Tree Care,MueAEUT6iqRyOvuIZ5Ixaw,4.96,15,3
AZ,Mesa,Heartwood Tree Care,MueAEUT6iqRyOvuIZ5Ixaw,4.96,16,1
AZ,Mesa,Heartwood Tree Care,MueAEUT6iqRyOvuIZ5Ixaw,4.96,17,1
AZ,Mesa,Heartwood Tree Care,MueAEUT6iqRyOvuIZ5Ixaw,4.96,18,0
AZ,Mesa,Heartwood Tree Care,MueAEUT6iqRyOvuIZ5Ixaw,4.96,19,1
AZ,Mesa,Heartwood Tree Care,MueAEUT6iqRyOvuIZ5Ixaw,4.96,20,2
AZ,Mesa,Heartwood Tree Care,MueAEUT6iqRyOvuIZ5Ixaw,4.96,21,0
AZ,Mesa,Heartwood Tree Care,MueAEUT6iqRyOvuIZ5Ixaw,4.96,22,0
AZ,Mesa,Heartwood Tree Care,MueAEUT6iqRyOvuIZ5Ixaw,4.96,23,0
NV,Las Vegas,IMR Massage,v6dqe7U2MVtaWyHbvtw_tw,4.98,0,36
NV,Las Vegas,IMR Massage,v6dqe7U2MVtaWyHbvtw_tw,4.98,1,42
NV,Las Vegas,IMR Massage,v6dqe7U2MVtaWyHbvtw_tw,4.98,2,34
NV,Las Vegas,IMR Massage,v6dqe7U2MVtaWyHbvtw_tw,4.98,3,13
NV,Las Vegas,IMR Massage,v6dqe7U2MVtaWyHbvtw_tw,4.98,4,6
NV,Las Vegas,IMR Massage,v6dqe7U2MVtaWyHbvtw_tw,4.98,5,0
NV,Las Vegas,IMR Massage,v6dqe7U2MVtaWyHbvtw_tw,4.98,6,3
NV,Las Vegas,IMR Massage,v6dqe7U2MVtaWyHbvtw_tw,4.98,7,2
NV,Las Vegas,IMR Massage,v6dqe7U2MVtaWyHbvtw_tw,4.98,8,1
NV,Las Vegas,IMR Massage,v6dqe7U2MVtaWyHbvtw_tw,4.98,9,1
NV,Las Vegas,IMR Massage,v6dqe7U2MVtaWyHbvtw_tw,4.98,10,1
NV,Las Vegas,IMR Massage,v6dqe7U2MVtaWyHbvtw_tw,4.98,11,0
NV,Las Vegas,IMR Massage,v6dqe7U2MVtaWyHbvtw_tw,4.98,12,1
NV,Las Vegas,IMR Massage,v6dqe7U2MVtaWyHbvtw_tw,4.98,13,1
NV,Las Vegas,IMR Massage,v6dqe7U2MVtaWyHbvtw_tw,4.98,14,2
NV,Las Vegas,IMR Massage,v6dqe7U2MVtaWyHbvtw_tw,4.98,15,13
NV,Las Vegas,IMR Massage,v6dqe7U2MVtaWyHbvtw_tw,4.98,16,19
NV,Las Vegas,IMR Massage,v6dqe7U2MVtaWyHbvtw_tw,4.98,17,32
NV,Las Vegas,IMR Massage,v6dqe7U2MVtaWyHbvtw_tw,4.98,18,35
NV,Las Vegas,IMR Massage,v6dqe7U2MVtaWyHbvtw_tw,4.98,19,54
NV,Las Vegas,IMR Massage,v6dqe7U2MVtaWyHbvtw_tw,4.98,20,44
NV,Las Vegas,IMR Massage,v6dqe7U2MVtaWyHbvtw_tw,4.98,21,43
NV,Las Vegas,IMR Massage,v6dqe7U2MVtaWyHbvtw_tw,4.98,22,45
NV,Las Vegas,IMR Massage,v6dqe7U2MVtaWyHbvtw_tw,4.98,23,42
NV,Las Vegas,Drain Busters,URw54F4_FuxU8MR8T_bxpg,4.98,0,3
NV,Las Vegas,Drain Busters,URw54F4_FuxU8MR8T_bxpg,4.98,1,0
NV,Las Vegas,Drain Busters,URw54F4_FuxU8MR8T_bxpg,4.98,2,2
NV,Las Vegas,Drain Busters,URw54F4_FuxU8MR8T_bxpg,4.98,3,0
NV,Las Vegas,Drain Busters,URw54F4_FuxU8MR8T_bxpg,4.98,4,0
NV,Las Vegas,Drain Busters,URw54F4_FuxU8MR8T_bxpg,4.98,5,0
NV,Las Vegas,Drain Busters,URw54F4_FuxU8MR8T_bxpg,4.98,6,0
NV,Las Vegas,Drain Busters,URw54F4_FuxU8MR8T_bxpg,4.98,7,0
NV,Las Vegas,Drain Busters,URw54F4_FuxU8MR8T_bxpg,4.98,8,0
NV,Las Vegas,Drain Busters,URw54F4_FuxU8MR8T_bxpg,4.98,9,0
NV,Las Vegas,Drain Busters,URw54F4_FuxU8MR8T_bxpg,4.98,10,0
NV,Las Vegas,Drain Busters,URw54F4_FuxU8MR8T_bxpg,4.98,11,0
NV,Las Vegas,Drain Busters,URw54F4_FuxU8MR8T_bxpg,4.98,12,0
NV,Las Vegas,Drain Busters,URw54F4_FuxU8MR8T_bxpg,4.98,13,0
NV,Las Vegas,Drain Busters,URw54F4_FuxU8MR8T_bxpg,4.98,14,0
NV,Las Vegas,Drain Busters,URw54F4_FuxU8MR8T_bxpg,4.98,15,1
NV,Las Vegas,Drain Busters,URw54F4_FuxU8MR8T_bxpg,4.98,16,0
NV,Las Vegas,Drain Busters,URw54F4_FuxU8MR8T_bxpg,4.98,17,0
NV,Las Vegas,Drain Busters,URw54F4_FuxU8MR8T_bxpg,4.98,18,0
NV,Las Vegas,Drain Busters,URw54F4_FuxU8MR8T_bxpg,4.98,19,0
NV,Las Vegas,Drain Busters,URw54F4_FuxU8MR8T_bxpg,4.98,20,1
NV,Las Vegas,Drain Busters,URw54F4_FuxU8MR8T_bxpg,4.98,21,0
NV,Las Vegas,Drain Busters,URw54F4_FuxU8MR8T_bxpg,4.98,22,0
NV,Las Vegas,Drain Busters,URw54F4_FuxU8MR8T_bxpg,4.98,23,0
NV,Las Vegas,Desert Diamond Jewelers,TcSGXZhrdJi-1mtwV0POTQ,4.97,0,5
NV,Las Vegas,Desert Diamond Jewelers,TcSGXZhrdJi-1mtwV0POTQ,4.97,1,0
NV,Las Vegas,Desert Diamond Jewelers,TcSGXZhrdJi-1mtwV0POTQ,4.97,2,0
NV,Las Vegas,Desert Diamond Jewelers,TcSGXZhrdJi-1mtwV0POTQ,4.97,3,1
NV,Las Vegas,Desert Diamond Jewelers,TcSGXZhrdJi-1mtwV0POTQ,4.97,4,0
NV,Las Vegas,Desert Diamond Jewelers,TcSGXZhrdJi-1mtwV0POTQ,4.97,5,0
NV,Las Vegas,Desert Diamond Jewelers,TcSGXZhrdJi-1mtwV0POTQ,4.97,6,0
NV,Las Vegas,Desert Diamond Jewelers,TcSGXZhrdJi-1mtwV0POTQ,4.97,7,0
NV,Las Vegas,Desert Diamond Jewelers,TcSGXZhrdJi-1mtwV0POTQ,4.97,8,0
NV,Las Vegas,Desert Diamond Jewelers,TcSGXZhrdJi-1mtwV0POTQ,4.97,9,0
NV,Las Vegas,Desert Diamond Jewelers,TcSGXZhrdJi-1mtwV0POTQ,4.97,10,0
NV,Las Vegas,Desert Diamond Jewelers,TcSGXZhrdJi-1mtwV0POTQ,4.97,11,0
NV,Las Vegas,Desert Diamond Jewelers,TcSGXZhrdJi-1mtwV0POTQ,4.97,12,0
NV,Las Vegas,Desert Diamond Jewelers,TcSGXZhrdJi-1mtwV0POTQ,4.97,13,0
NV,Las Vegas,Desert Diamond Jewelers,TcSGXZhrdJi-1mtwV0POTQ,4.97,14,1
NV,Las Vegas,Desert Diamond Jewelers,TcSGXZhrdJi-1mtwV0POTQ,4.97,15,1
NV,Las Vegas,Desert Diamond Jewelers,TcSGXZhrdJi-1mtwV0POTQ,4.97,16,0
NV,Las Vegas,Desert Diamond Jewelers,TcSGXZhrdJi-1mtwV0POTQ,4.97,17,1
NV,Las Vegas,Desert Diamond Jewelers,TcSGXZhrdJi-1mtwV0POTQ,4.97,18,10
NV,Las Vegas,Desert Diamond Jewelers,TcSGXZhrdJi-1mtwV0POTQ,4.97,19,3
NV,Las Vegas,Desert Diamond Jewelers,TcSGXZhrdJi-1mtwV0POTQ,4.97,20,3
NV,Las Vegas,Desert Diamond Jewelers,TcSGXZhrdJi-1mtwV0POTQ,4.97,21,3
NV,Las Vegas,Desert Diamond Jewelers,TcSGXZhrdJi-1mtwV0POTQ,4.97,22,5
NV,Las Vegas,Desert Diamond Jewelers,TcSGXZhrdJi-1mtwV0POTQ,4.97,23,7
IL,Urbana,Champaign-Urbana Adventures in Time & Space,Lwb6bG1Qu3BbW7FJj5suLw,4.9,0,0
IL,Urbana,Champaign-Urbana Adventures in Time & Space,Lwb6bG1Qu3BbW7FJj5suLw,4.9,1,1
IL,Urbana,Champaign-Urbana Adventures in Time & Space,Lwb6bG1Qu3BbW7FJj5suLw,4.9,2,1
IL,Urbana,Champaign-Urbana Adventures in Time & Space,Lwb6bG1Qu3BbW7FJj5suLw,4.9,3,0
IL,Urbana,Champaign-Urbana Adventures in Time & Space,Lwb6bG1Qu3BbW7FJj5suLw,4.9,4,0
IL,Urbana,Champaign-Urbana Adventures in Time & Space,Lwb6bG1Qu3BbW7FJj5suLw,4.9,5,0
IL,Urbana,Champaign-Urbana Adventures in Time & Space,Lwb6bG1Qu3BbW7FJj5suLw,4.9,6,0
IL,Urbana,Champaign-Urbana Adventures in Time & Space,Lwb6bG1Qu3BbW7FJj5suLw,4.9,7,0
IL,Urbana,Champaign-Urbana Adventures in Time & Space,Lwb6bG1Qu3BbW7FJj5suLw,4.9,8,0
IL,Urbana,Champaign-Urbana Adventures in Time & Space,Lwb6bG1Qu3BbW7FJj5suLw,4.9,9,0
IL,Urbana,Champaign-Urbana Adventures in Time & Space,Lwb6bG1Qu3BbW7FJj5suLw,4.9,10,0
IL,Urbana,Champaign-Urbana Adventures in Time & Space,Lwb6bG1Qu3BbW7FJj5suLw,4.9,11,0
IL,Urbana,Champaign-Urbana Adventures in Time & Space,Lwb6bG1Qu3BbW7FJj5suLw,4.9,12,0
IL,Urbana,Champaign-Urbana Adventures in Time & Space,Lwb6bG1Qu3BbW7FJj5suLw,4.9,13,0
IL,Urbana,Champaign-Urbana Adventures in Time & Space,Lwb6bG1Qu3BbW7FJj5suLw,4.9,14,0
IL,Urbana,Champaign-Urbana Adventures in Time & Space,Lwb6bG1Qu3BbW7FJj5suLw,4.9,15,0
IL,Urbana,Champaign-Urbana Adventures in Time & Space,Lwb6bG1Qu3BbW7FJj5suLw,4.9,16,0
IL,Urbana,Champaign-Urbana Adventures in Time & Space,Lwb6bG1Qu3BbW7FJj5suLw,4.9,17,0
IL,Urbana,Champaign-Urbana Adventures in Time & Space,Lwb6bG1Qu3BbW7FJj5suLw,4.9,18,0
IL,Urbana,Champaign-Urbana Adventures in Time & Space,Lwb6bG1Qu3BbW7FJj5suLw,4.9,19,1
IL,Urbana,Champaign-Urbana Adventures in Time & Space,Lwb6bG1Qu3BbW7FJj5suLw,4.9,20,1
IL,Urbana,Champaign-Urbana Adventures in Time & Space,Lwb6bG1Qu3BbW7FJj5suLw,4.9,21,1
IL,Urbana,Champaign-Urbana Adventures in Time & Space,Lwb6bG1Qu3BbW7FJj5suLw,4.9,22,3
IL,Urbana,Champaign-Urbana Adventures in Time & Space,Lwb6bG1Qu3BbW7FJj5suLw,4.9,23,2
IL,Champaign,Average Joe Auto Repair,1bgcPZXnzAZvrc6HcBfc7A,4.79,0,0
IL,Champaign,Average Joe Auto Repair,1bgcPZXnzAZvrc6HcBfc7A,4.79,1,0
IL,Champaign,Average Joe Auto Repair,1bgcPZXnzAZvrc6HcBfc7A,4.79,2,0
IL,Champaign,Average Joe Auto Repair,1bgcPZXnzAZvrc6HcBfc7A,4.79,3,0
IL,Champaign,Average Joe Auto Repair,1bgcPZXnzAZvrc6HcBfc7A,4.79,4,1
IL,Champaign,Average Joe Auto Repair,1bgcPZXnzAZvrc6HcBfc7A,4.79,5,0
IL,Champaign,Average Joe Auto Repair,1bgcPZXnzAZvrc6HcBfc7A,4.79,6,0
IL,Champaign,Average Joe Auto Repair,1bgcPZXnzAZvrc6HcBfc7A,4.79,7,0
IL,Champaign,Average Joe Auto Repair,1bgcPZXnzAZvrc6HcBfc7A,4.79,8,0
IL,Champaign,Average Joe Auto Repair,1bgcPZXnzAZvrc6HcBfc7A,4.79,9,0
IL,Champaign,Average Joe Auto Repair,1bgcPZXnzAZvrc6HcBfc7A,4.79,10,0
IL,Champaign,Average Joe Auto Repair,1bgcPZXnzAZvrc6HcBfc7A,4.79,11,0
IL,Champaign,Average Joe Auto Repair,1bgcPZXnzAZvrc6HcBfc7A,4.79,12,0
IL,Champaign,Average Joe Auto Repair,1bgcPZXnzAZvrc6HcBfc7A,4.79,13,0
IL,Champaign,Average Joe Auto Repair,1bgcPZXnzAZvrc6HcBfc7A,4.79,14,0
IL,Champaign,Average Joe Auto Repair,1bgcPZXnzAZvrc6HcBfc7A,4.79,15,0
IL,Champaign,Average Joe Auto Repair,1bgcPZXnzAZvrc6HcBfc7A,4.79,16,0
IL,Champaign,Average Joe Auto Repair,1bgcPZXnzAZvrc6HcBfc7A,4.79,17,0
IL,Champaign,Average Joe Auto Repair,1bgcPZXnzAZvrc6HcBfc7A,4.79,18,0
IL,Champaign,Average Joe Auto Repair,1bgcPZXnzAZvrc6HcBfc7A,4.79,19,0
IL,Champaign,Average Joe Auto Repair,1bgcPZXnzAZvrc6HcBfc7A,4.79,20,0
IL,Champaign,Average Joe Auto Repair,1bgcPZXnzAZvrc6HcBfc7A,4.79,21,0
IL,Champaign,Average Joe Auto Repair,1bgcPZXnzAZvrc6HcBfc7A,4.79,22,1
IL,Champaign,Average Joe Auto Repair,1bgcPZXnzAZvrc6HcBfc7A,4.79,23,1
IL,Champaign,Old Time Meat & Deli Shoppe,4hWDMVtfnpyY72_5QMbthA,4.77,0,0
IL,Champaign,Old Time Meat & Deli Shoppe,4hWDMVtfnpyY72_5QMbthA,4.77,1,0
IL,Champaign,Old Time Meat & Deli Shoppe,4hWDMVtfnpyY72_5QMbthA,4.77,2,1
IL,Champaign,Old Time Meat & Deli Shoppe,4hWDMVtfnpyY72_5QMbthA,4.77,3,0
IL,Champaign,Old Time Meat & Deli Shoppe,4hWDMVtfnpyY72_5QMbthA,4.77,4,0
IL,Champaign,Old Time Meat & Deli Shoppe,4hWDMVtfnpyY72_5QMbthA,4.77,5,0
IL,Champaign,Old Time Meat & Deli Shoppe,4hWDMVtfnpyY72_5QMbthA,4.77,6,0
IL,Champaign,Old Time Meat & Deli Shoppe,4hWDMVtfnpyY72_5QMbthA,4.77,7,0
IL,Champaign,Old Time Meat & Deli Shoppe,4hWDMVtfnpyY72_5QMbthA,4.77,8,0
IL,Champaign,Old Time Meat & Deli Shoppe,4hWDMVtfnpyY72_5QMbthA,4.77,9,0
IL,Champaign,Old Time Meat & Deli Shoppe,4hWDMVtfnpyY72_5QMbthA,4.77,10,0
IL,Champaign,Old Time Meat & Deli Shoppe,4hWDMVtfnpyY72_5QMbthA,4.77,11,0
IL,Champaign,Old Time Meat & Deli Shoppe,4hWDMVtfnpyY72_5QMbthA,4.77,12,0
IL,Champaign,Old Time Meat & Deli Shoppe,4hWDMVtfnpyY72_5QMbthA,4.77,13,0
IL,Champaign,Old Time Meat & Deli Shoppe,4hWDMVtfnpyY72_5QMbthA,4.77,14,0
IL,Champaign,Old Time Meat & Deli Shoppe,4hWDMVtfnpyY72_5QMbthA,4.77,15,2
IL,Champaign,Old Time Meat & Deli Shoppe,4hWDMVtfnpyY72_5QMbthA,4.77,16,3
IL,Champaign,Old Time Meat & Deli Shoppe,4hWDMVtfnpyY72_5QMbthA,4.77,17,6
IL,Champaign,Old Time Meat & Deli Shoppe,4hWDMVtfnpyY72_5QMbthA,4.77,18,3
IL,Champaign,Old Time Meat & Deli Shoppe,4hWDMVtfnpyY72_5QMbthA,4.77,19,1
IL,Champaign,Old Time Meat & Deli Shoppe,4hWDMVtfnpyY72_5QMbthA,4.77,20,3
IL,Champaign,Old Time Meat & Deli Shoppe,4hWDMVtfnpyY72_5QMbthA,4.77,21,6
IL,Champaign,Old Time Meat & Deli Shoppe,4hWDMVtfnpyY72_5QMbthA,4.77,22,7
IL,Champaign,Old Time Meat & Deli Shoppe,4hWDMVtfnpyY72_5QMbthA,4.77,23,3
PA,Pittsburgh,Simple Gourmet,0OkfU0vDBprsIEd5hWuhAQ,4.91,0,0
PA,Pittsburgh,Simple Gourmet,0OkfU0vDBprsIEd5hWuhAQ,4.91,1,0
PA,Pittsburgh,Simple Gourmet,0OkfU0vDBprsIEd5hWuhAQ,4.91,2,0
PA,Pittsburgh,Simple Gourmet,0OkfU0vDBprsIEd5hWuhAQ,4.91,3,0
PA,Pittsburgh,Simple Gourmet,0OkfU0vDBprsIEd5hWuhAQ,4.91,4,0
PA,Pittsburgh,Simple Gourmet,0OkfU0vDBprsIEd5hWuhAQ,4.91,5,0
PA,Pittsburgh,Simple Gourmet,0OkfU0vDBprsIEd5hWuhAQ,4.91,6,0
PA,Pittsburgh,Simple Gourmet,0OkfU0vDBprsIEd5hWuhAQ,4.91,7,0
PA,Pittsburgh,Simple Gourmet,0OkfU0vDBprsIEd5hWuhAQ,4.91,8,0
PA,Pittsburgh,Simple Gourmet,0OkfU0vDBprsIEd5hWuhAQ,4.91,9,0
PA,Pittsburgh,Simple Gourmet,0OkfU0vDBprsIEd5hWuhAQ,4.91,10,0
PA,Pittsburgh,Simple Gourmet,0OkfU0vDBprsIEd5hWuhAQ,4.91,11,0
PA,Pittsburgh,Simple Gourmet,0OkfU0vDBprsIEd5hWuhAQ,4.91,12,0
PA,Pittsburgh,Simple Gourmet,0OkfU0vDBprsIEd5hWuhAQ,4.91,13,0
PA,Pittsburgh,Simple Gourmet,0OkfU0vDBprsIEd5hWuhAQ,4.91,14,2
PA,Pittsburgh,Simple Gourmet,0OkfU0vDBprsIEd5hWuhAQ,4.91,15,4
PA,Pittsburgh,Simple Gourmet,0OkfU0vDBprsIEd5hWuhAQ,4.91,16,2
PA,Pittsburgh,Simple Gourmet,0OkfU0vDBprsIEd5hWuhAQ,4.91,17,4
PA,Pittsburgh,Simple Gourmet,0OkfU0vDBprsIEd5hWuhAQ,4.91,18,5
PA,Pittsburgh,Simple Gourmet,0OkfU0vDBprsIEd5hWuhAQ,4.91,19,2
PA,Pittsburgh,Simple Gourmet,0OkfU0vDBprsIEd5hWuhAQ,4.91,20,3
PA,Pittsburgh,Simple Gourmet,0OkfU0vDBprsIEd5hWuhAQ,4.91,21,2
PA,Pittsburgh,Simple Gourmet,0OkfU0vDBprsIEd5hWuhAQ,4.91,22,2
PA,Pittsburgh,Simple Gourmet,0OkfU0vDBprsIEd5hWuhAQ,4.91,23,1
PA,Pittsburgh,Downtown Pittsburgh Dogs,DtLDAFVH8OyywUw23y86xA,4.88,0,0
PA,Pittsburgh,Downtown Pittsburgh Dogs,DtLDAFVH8OyywUw23y86xA,4.88,1,1
PA,Pittsburgh,Downtown Pittsburgh Dogs,DtLDAFVH8OyywUw23y86xA,4.88,2,0
PA,Pittsburgh,Downtown Pittsburgh Dogs,DtLDAFVH8OyywUw23y86xA,4.88,3,0
PA,Pittsburgh,Downtown Pittsburgh Dogs,DtLDAFVH8OyywUw23y86xA,4.88,4,0
PA,Pittsburgh,Downtown Pittsburgh Dogs,DtLDAFVH8OyywUw23y86xA,4.88,5,0
PA,Pittsburgh,Downtown Pittsburgh Dogs,DtLDAFVH8OyywUw23y86xA,4.88,6,0
PA,Pittsburgh,Downtown Pittsburgh Dogs,DtLDAFVH8OyywUw23y86xA,4.88,7,0
PA,Pittsburgh,Downtown Pittsburgh Dogs,DtLDAFVH8OyywUw23y86xA,4.88,8,0
PA,Pittsburgh,Downtown Pittsburgh Dogs,DtLDAFVH8OyywUw23y86xA,4.88,9,0
PA,Pittsburgh,Downtown Pittsburgh Dogs,DtLDAFVH8OyywUw23y86xA,4.88,10,0
PA,Pittsburgh,Downtown Pittsburgh Dogs,DtLDAFVH8OyywUw23y86xA,4.88,11,0
PA,Pittsburgh,Downtown Pittsburgh Dogs,DtLDAFVH8OyywUw23y86xA,4.88,12,0
PA,Pittsburgh,Downtown Pittsburgh Dogs,DtLDAFVH8OyywUw23y86xA,4.88,13,0
PA,Pittsburgh,Downtown Pittsburgh Dogs,DtLDAFVH8OyywUw23y86xA,4.88,14,0
PA,Pittsburgh,Downtown Pittsburgh Dogs,DtLDAFVH8OyywUw23y86xA,4.88,15,0
PA,Pittsburgh,Downtown Pittsburgh Dogs,DtLDAFVH8OyywUw23y86xA,4.88,16,1
PA,Pittsburgh,Downtown Pittsburgh Dogs,DtLDAFVH8OyywUw23y86xA,4.88,17,0
PA,Pittsburgh,Downtown Pittsburgh Dogs,DtLDAFVH8OyywUw23y86xA,4.88,18,0
PA,Pittsburgh,Downtown Pittsburgh Dogs,DtLDAFVH8OyywUw23y86xA,4.88,19,0
PA,Pittsburgh,Downtown Pittsburgh Dogs,DtLDAFVH8OyywUw23y86xA,4.88,20,0
PA,Pittsburgh,Downtown Pittsburgh Dogs,DtLDAFVH8OyywUw23y86xA,4.88,21,0
PA,Pittsburgh,Downtown Pittsburgh Dogs,DtLDAFVH8OyywUw23y86xA,4.88,22,0
PA,Pittsburgh,Downtown Pittsburgh Dogs,DtLDAFVH8OyywUw23y86xA,4.88,23,0
PA,Pittsburgh,"Carnegie Library of Pittsburgh, Main Library",6G3t042U69yzZ99_yvY3_A,4.88,0,58
PA,Pittsburgh,"Carnegie Library of Pittsburgh, Main Library",6G3t042U69yzZ99_yvY3_A,4.88,1,25
PA,Pittsburgh,"Carnegie Library of Pittsburgh, Main Library",6G3t042U69yzZ99_yvY3_A,4.88,2,5
PA,Pittsburgh,"Carnegie Library of Pittsburgh, Main Library",6G3t042U69yzZ99_yvY3_A,4.88,3,2
PA,Pittsburgh,"Carnegie Library of Pittsburgh, Main Library",6G3t042U69yzZ99_yvY3_A,4.88,4,2
PA,Pittsburgh,"Carnegie Library of Pittsburgh, Main Library",6G3t042U69yzZ99_yvY3_A,4.88,5,0
PA,Pittsburgh,"Carnegie Library of Pittsburgh, Main Library",6G3t042U69yzZ99_yvY3_A,4.88,6,0
PA,Pittsburgh,"Carnegie Library of Pittsburgh, Main Library",6G3t042U69yzZ99_yvY3_A,4.88,7,1
PA,Pittsburgh,"Carnegie Library of Pittsburgh, Main Library",6G3t042U69yzZ99_yvY3_A,4.88,8,0
PA,Pittsburgh,"Carnegie Library of Pittsburgh, Main Library",6G3t042U69yzZ99_yvY3_A,4.88,9,0
PA,Pittsburgh,"Carnegie Library of Pittsburgh, Main Library",6G3t042U69yzZ99_yvY3_A,4.88,10,0
PA,Pittsburgh,"Carnegie Library of Pittsburgh, Main Library",6G3t042U69yzZ99_yvY3_A,4.88,11,2
PA,Pittsburgh,"Carnegie Library of Pittsburgh, Main Library",6G3t042U69yzZ99_yvY3_A,4.88,12,4
PA,Pittsburgh,"Carnegie Library of Pittsburgh, Main Library",6G3t042U69yzZ99_yvY3_A,4.88,13,9
PA,Pittsburgh,"Carnegie Library of Pittsburgh, Main Library",6G3t042U69yzZ99_yvY3_A,4.88,14,23
PA,Pittsburgh,"Carnegie Library of Pittsburgh, Main Library",6G3t042U69yzZ99_yvY3_A,4.88,15,32
PA,Pittsburgh,"Carnegie Library of Pittsburgh, Main Library",6G3t042U69yzZ99_yvY3_A,4.88,16,49
PA,Pittsburgh,"Carnegie Library of Pittsburgh, Main Library",6G3t042U69yzZ99_yvY3_A,4.88,17,66
PA,Pittsburgh,"Carnegie Library of Pittsburgh, Main Library",6G3t042U69yzZ99_yvY3_A,4.88,18,52
PA,Pittsburgh,"Carnegie Library of Pittsburgh, Main Library",6G3t042U69yzZ99_yvY3_A,4.88,19,52
PA,Pittsburgh,"Carnegie Library of Pittsburgh, Main Library",6G3t042U69yzZ99_yvY3_A,4.88,20,53
PA,Pittsburgh,"Carnegie Library of Pittsburgh, Main Library",6G3t042U69yzZ99_yvY3_A,4.88,21,58
PA,Pittsburgh,"Carnegie Library of Pittsburgh, Main Library",6G3t042U69yzZ99_yvY3_A,4.88,22,46
PA,Pittsburgh,"Carnegie Library of Pittsburgh, Main Library",6G3t042U69yzZ99_yvY3_A,4.88,23,85
WI,Madison,Speckled Hen Inn,4ovtrDTXvLK5dDdD09Ecug,4.88,0,1
WI,Madison,Speckled Hen Inn,4ovtrDTXvLK5dDdD09Ecug,4.88,1,0
WI,Madison,Speckled Hen Inn,4ovtrDTXvLK5dDdD09Ecug,4.88,2,2
WI,Madison,Speckled Hen Inn,4ovtrDTXvLK5dDdD09Ecug,4.88,3,1
WI,Madison,Speckled Hen Inn,4ovtrDTXvLK5dDdD09Ecug,4.88,4,3
WI,Madison,Speckled Hen Inn,4ovtrDTXvLK5dDdD09Ecug,4.88,5,0
WI,Madison,Speckled Hen Inn,4ovtrDTXvLK5dDdD09Ecug,4.88,6,0
WI,Madison,Speckled Hen Inn,4ovtrDTXvLK5dDdD09Ecug,4.88,7,1
WI,Madison,Speckled Hen Inn,4ovtrDTXvLK5dDdD09Ecug,4.88,8,0
WI,Madison,Speckled Hen Inn,4ovtrDTXvLK5dDdD09Ecug,4.88,9,0
WI,Madison,Speckled Hen Inn,4ovtrDTXvLK5dDdD09Ecug,4.88,10,0
WI,Madison,Speckled Hen Inn,4ovtrDTXvLK5dDdD09Ecug,4.88,11,0
WI,Madison,Speckled Hen Inn,4ovtrDTXvLK5dDdD09Ecug,4.88,12,2
WI,Madison,Speckled Hen Inn,4ovtrDTXvLK5dDdD09Ecug,4.88,13,2
WI,Madison,Speckled Hen Inn,4ovtrDTXvLK5dDdD09Ecug,4.88,14,0
WI,Madison,Speckled Hen Inn,4ovtrDTXvLK5dDdD09Ecug,4.88,15,3
WI,Madison,Speckled Hen Inn,4ovtrDTXvLK5dDdD09Ecug,4.88,16,0
WI,Madison,Speckled Hen Inn,4ovtrDTXvLK5dDdD09Ecug,4.88,17,0
WI,Madison,Speckled Hen Inn,4ovtrDTXvLK5dDdD09Ecug,4.88,18,0
WI,Madison,Speckled Hen Inn,4ovtrDTXvLK5dDdD09Ecug,4.88,19,0
WI,Madison,Speckled Hen Inn,4ovtrDTXvLK5dDdD09Ecug,4.88,20,1
WI,Madison,Speckled Hen Inn,4ovtrDTXvLK5dDdD09Ecug,4.88,21,0
WI,Madison,Speckled Hen Inn,4ovtrDTXvLK5dDdD09Ecug,4.88,22,3
WI,Madison,Speckled Hen Inn,4ovtrDTXvLK5dDdD09Ecug,4.88,23,3
WI,Madison,Speedy Muffler & Brake Center,8pPD7BhiPAq-SC4vSBns1w,4.85,0,0
WI,Madison,Speedy Muffler & Brake Center,8pPD7BhiPAq-SC4vSBns1w,4.85,1,0
WI,Madison,Speedy Muffler & Brake Center,8pPD7BhiPAq-SC4vSBns1w,4.85,2,0
WI,Madison,Speedy Muffler & Brake Center,8pPD7BhiPAq-SC4vSBns1w,4.85,3,1
WI,Madison,Speedy Muffler & Brake Center,8pPD7BhiPAq-SC4vSBns1w,4.85,4,0
WI,Madison,Speedy Muffler & Brake Center,8pPD7BhiPAq-SC4vSBns1w,4.85,5,0
WI,Madison,Speedy Muffler & Brake Center,8pPD7BhiPAq-SC4vSBns1w,4.85,6,0
WI,Madison,Speedy Muffler & Brake Center,8pPD7BhiPAq-SC4vSBns1w,4.85,7,0
WI,Madison,Speedy Muffler & Brake Center,8pPD7BhiPAq-SC4vSBns1w,4.85,8,0
WI,Madison,Speedy Muffler & Brake Center,8pPD7BhiPAq-SC4vSBns1w,4.85,9,0
WI,Madison,Speedy Muffler & Brake Center,8pPD7BhiPAq-SC4vSBns1w,4.85,10,0
WI,Madison,Speedy Muffler & Brake Center,8pPD7BhiPAq-SC4vSBns1w,4.85,11,0
WI,Madison,Speedy Muffler & Brake Center,8pPD7BhiPAq-SC4vSBns1w,4.85,12,0
WI,Madison,Speedy Muffler & Brake Center,8pPD7BhiPAq-SC4vSBns1w,4.85,13,1
WI,Madison,Speedy Muffler & Brake Center,8pPD7BhiPAq-SC4vSBns1w,4.85,14,3
WI,Madison,Speedy Muffler & Brake Center,8pPD7BhiPAq-SC4vSBns1w,4.85,15,1
WI,Madison,Speedy Muffler & Brake Center,8pPD7BhiPAq-SC4vSBns1w,4.85,16,2
WI,Madison,Speedy Muffler & Brake Center,8pPD7BhiPAq-SC4vSBns1w,4.85,17,1
WI,Madison,Speedy Muffler & Brake Center,8pPD7BhiPAq-SC4vSBns1w,4.85,18,0
WI,Madison,Speedy Muffler & Brake Center,8pPD7BhiPAq-SC4vSBns1w,4.85,19,0
WI,Madison,Speedy Muffler & Brake Center,8pPD7BhiPAq-SC4vSBns1w,4.85,20,0
WI,Madison,Speedy Muffler & Brake Center,8pPD7BhiPAq-SC4vSBns1w,4.85,21,0
WI,Madison,Speedy Muffler & Brake Center,8pPD7BhiPAq-SC4vSBns1w,4.85,22,0
WI,Madison,Speedy Muffler & Brake Center,8pPD7BhiPAq-SC4vSBns1w,4.85,23,0
WI,Madison,Hop Head Tours,Vi7DWovv_vnWmxhURiioFw,4.85,0,1
WI,Madison,Hop Head Tours,Vi7DWovv_vnWmxhURiioFw,4.85,1,1
WI,Madison,Hop Head Tours,Vi7DWovv_vnWmxhURiioFw,4.85,2,0
WI,Madison,Hop Head Tours,Vi7DWovv_vnWmxhURiioFw,4.85,3,0
WI,Madison,Hop Head Tours,Vi7DWovv_vnWmxhURiioFw,4.85,4,0
WI,Madison,Hop Head Tours,Vi7DWovv_vnWmxhURiioFw,4.85,5,0
WI,Madison,Hop Head Tours,Vi7DWovv_vnWmxhURiioFw,4.85,6,0
WI,Madison,Hop Head Tours,Vi7DWovv_vnWmxhURiioFw,4.85,7,0
WI,Madison,Hop Head Tours,Vi7DWovv_vnWmxhURiioFw,4.85,8,0
WI,Madison,Hop Head Tours,Vi7DWovv_vnWmxhURiioFw,4.85,9,0
WI,Madison,Hop Head Tours,Vi7DWovv_vnWmxhURiioFw,4.85,10,0
WI,Madison,Hop Head Tours,Vi7DWovv_vnWmxhURiioFw,4.85,11,0
WI,Madison,Hop Head Tours,Vi7DWovv_vnWmxhURiioFw,4.85,12,0
WI,Madison,Hop Head Tours,Vi7DWovv_vnWmxhURiioFw,4.85,13,0
WI,Madison,Hop Head Tours,Vi7DWovv_vnWmxhURiioFw,4.85,14,0
WI,Madison,Hop Head Tours,Vi7DWovv_vnWmxhURiioFw,4.85,15,0
WI,Madison,Hop Head Tours,Vi7DWovv_vnWmxhURiioFw,4.85,16,0
WI,Madison,Hop Head Tours,Vi7DWovv_vnWmxhURiioFw,4.85,17,0
WI,Madison,Hop Head Tours,Vi7DWovv_vnWmxhURiioFw,4.85,18,0
WI,Madison,Hop Head Tours,Vi7DWovv_vnWmxhURiioFw,4.85,19,0
WI,Madison,Hop Head Tours,Vi7DWovv_vnWmxhURiioFw,4.85,20,0
WI,Madison,Hop Head Tours,Vi7DWovv_vnWmxhURiioFw,4.85,21,1
WI,Madison,Hop Head Tours,Vi7DWovv_vnWmxhURiioFw,4.85,22,0
WI,Madison,Hop Head Tours,Vi7DWovv_vnWmxhURiioFw,4.85,23,0
SC,Fort Mill,Trox Tech,0aMrF0FaZNGN7zVGx81lDA,4.88,0,0
SC,Fort Mill,Trox Tech,0aMrF0FaZNGN7zVGx81lDA,4.88,1,0
SC,Fort Mill,Trox Tech,0aMrF0FaZNGN7zVGx81lDA,4.88,2,3
SC,Fort Mill,Trox Tech,0aMrF0FaZNGN7zVGx81lDA,4.88,3,0
SC,Fort Mill,Trox Tech,0aMrF0FaZNGN7zVGx81lDA,4.88,4,0
SC,Fort Mill,Trox Tech,0aMrF0FaZNGN7zVGx81lDA,4.88,5,0
SC,Fort Mill,Trox Tech,0aMrF0FaZNGN7zVGx81lDA,4.88,6,0
SC,Fort Mill,Trox Tech,0aMrF0FaZNGN7zVGx81lDA,4.88,7,0
SC,Fort Mill,Trox Tech,0aMrF0FaZNGN7zVGx81lDA,4.88,8,0
SC,Fort Mill,Trox Tech,0aMrF0FaZNGN7zVGx81lDA,4.88,9,0
SC,Fort Mill,Trox Tech,0aMrF0FaZNGN7zVGx81lDA,4.88,10,0
SC,Fort Mill,Trox Tech,0aMrF0FaZNGN7zVGx81lDA,4.88,11,1
SC,Fort Mill,Trox Tech,0aMrF0FaZNGN7zVGx81lDA,4.88,12,0
SC,Fort Mill,Trox Tech,0aMrF0FaZNGN7zVGx81lDA,4.88,13,5
SC,Fort Mill,Trox Tech,0aMrF0FaZNGN7zVGx81lDA,4.88,14,4
SC,Fort Mill,Trox Tech,0aMrF0FaZNGN7zVGx81lDA,4.88,15,1
SC,Fort Mill,Trox Tech,0aMrF0FaZNGN7zVGx81lDA,4.88,16,1
SC,Fort Mill,Trox Tech,0aMrF0FaZNGN7zVGx81lDA,4.88,17,3
SC,Fort Mill,Trox Tech,0aMrF0FaZNGN7zVGx81lDA,4.88,18,1
SC,Fort Mill,Trox Tech,0aMrF0FaZNGN7zVGx81lDA,4.88,19,3
SC,Fort Mill,Trox Tech,0aMrF0FaZNGN7zVGx81lDA,4.88,20,1
SC,Fort Mill,Trox Tech,0aMrF0FaZNGN7zVGx81lDA,4.88,21,0
SC,Fort Mill,Trox Tech,0aMrF0FaZNGN7zVGx81lDA,4.88,22,2
SC,Fort Mill,Trox Tech,0aMrF0FaZNGN7zVGx81lDA,4.88,23,1
SC,Rock Hill,Ava's Cafe,zd1fJLPz0ZeV4aoSIsRYcg,4.81,0,0
SC,Rock Hill,Ava's Cafe,zd1fJLPz0ZeV4aoSIsRYcg,4.81,1,0
SC,Rock Hill,Ava's Cafe,zd1fJLPz0ZeV4aoSIsRYcg,4.81,2,0
SC,Rock Hill,Ava's Cafe,zd1fJLPz0ZeV4aoSIsRYcg,4.81,3,0
SC,Rock Hill,Ava's Cafe,zd1fJLPz0ZeV4aoSIsRYcg,4.81,4,0
SC,Rock Hill,Ava's Cafe,zd1fJLPz0ZeV4aoSIsRYcg,4.81,5,0
SC,Rock Hill,Ava's Cafe,zd1fJLPz0ZeV4aoSIsRYcg,4.81,6,0
SC,Rock Hill,Ava's Cafe,zd1fJLPz0ZeV4aoSIsRYcg,4.81,7,0
SC,Rock Hill,Ava's Cafe,zd1fJLPz0ZeV4aoSIsRYcg,4.81,8,0
SC,Rock Hill,Ava's Cafe,zd1fJLPz0ZeV4aoSIsRYcg,4.81,9,0
SC,Rock Hill,Ava's Cafe,zd1fJLPz0ZeV4aoSIsRYcg,4.81,10,0
SC,Rock Hill,Ava's Cafe,zd1fJLPz0ZeV4aoSIsRYcg,4.81,11,16
SC,Rock Hill,Ava's Cafe,zd1fJLPz0ZeV4aoSIsRYcg,4.81,12,5
SC,Rock Hill,Ava's Cafe,zd1fJLPz0ZeV4aoSIsRYcg,4.81,13,6
SC,Rock Hill,Ava's Cafe,zd1fJLPz0ZeV4aoSIsRYcg,4.81,14,5
SC,Rock Hill,Ava's Cafe,zd1fJLPz0ZeV4aoSIsRYcg,4.81,15,7
SC,Rock Hill,Ava's Cafe,zd1fJLPz0ZeV4aoSIsRYcg,4.81,16,11
SC,Rock Hill,Ava's Cafe,zd1fJLPz0ZeV4aoSIsRYcg,4.81,17,7
SC,Rock Hill,Ava's Cafe,zd1fJLPz0ZeV4aoSIsRYcg,4.81,18,1
SC,Rock Hill,Ava's Cafe,zd1fJLPz0ZeV4aoSIsRYcg,4.81,19,1
SC,Rock Hill,Ava's Cafe,zd1fJLPz0ZeV4aoSIsRYcg,4.81,20,0
SC,Rock Hill,Ava's Cafe,zd1fJLPz0ZeV4aoSIsRYcg,4.81,21,1
SC,Rock Hill,Ava's Cafe,zd1fJLPz0ZeV4aoSIsRYcg,4.81,22,0
SC,Rock Hill,Ava's Cafe,zd1fJLPz0ZeV4aoSIsRYcg,4.81,23,0
SC,Fort Mill,Whits Frozen Custard Of Fort Mill,WokSBO9j1o1iWxlnD4-gIA,4.8,0,3
SC,Fort Mill,Whits Frozen Custard Of Fort Mill,WokSBO9j1o1iWxlnD4-gIA,4.8,1,1
SC,Fort Mill,Whits Frozen Custard Of Fort Mill,WokSBO9j1o1iWxlnD4-gIA,4.8,2,1
SC,Fort Mill,Whits Frozen Custard Of Fort Mill,WokSBO9j1o1iWxlnD4-gIA,4.8,3,1
SC,Fort Mill,Whits Frozen Custard Of Fort Mill,WokSBO9j1o1iWxlnD4-gIA,4.8,4,0
SC,Fort Mill,Whits Frozen Custard Of Fort Mill,WokSBO9j1o1iWxlnD4-gIA,4.8,5,0
SC,Fort Mill,Whits Frozen Custard Of Fort Mill,WokSBO9j1o1iWxlnD4-gIA,4.8,6,0
SC,Fort Mill,Whits Frozen Custard Of Fort Mill,WokSBO9j1o1iWxlnD4-gIA,4.8,7,0
SC,Fort Mill,Whits Frozen Custard Of Fort Mill,WokSBO9j1o1iWxlnD4-gIA,4.8,8,0
SC,Fort Mill,Whits Frozen Custard Of Fort Mill,WokSBO9j1o1iWxlnD4-gIA,4.8,9,0
SC,Fort Mill,Whits Frozen Custard Of Fort Mill,WokSBO9j1o1iWxlnD4-gIA,4.8,10,0
SC,Fort Mill,Whits Frozen Custard Of Fort Mill,WokSBO9j1o1iWxlnD4-gIA,4.8,11,0
SC,Fort Mill,Whits Frozen Custard Of Fort Mill,WokSBO9j1o1iWxlnD4-gIA,4.8,12,0
SC,Fort Mill,Whits Frozen Custard Of Fort Mill,WokSBO9j1o1iWxlnD4-gIA,4.8,13,0
SC,Fort Mill,Whits Frozen Custard Of Fort Mill,WokSBO9j1o1iWxlnD4-gIA,4.8,14,0
SC,Fort Mill,Whits Frozen Custard Of Fort Mill,WokSBO9j1o1iWxlnD4-gIA,4.8,15,0
SC,Fort Mill,Whits Frozen Custard Of Fort Mill,WokSBO9j1o1iWxlnD4-gIA,4.8,16,0
SC,Fort Mill,Whits Frozen Custard Of Fort Mill,WokSBO9j1o1iWxlnD4-gIA,4.8,17,0
SC,Fort Mill,Whits Frozen Custard Of Fort Mill,WokSBO9j1o1iWxlnD4-gIA,4.8,18,2
SC,Fort Mill,Whits Frozen Custard Of Fort Mill,WokSBO9j1o1iWxlnD4-gIA,4.8,19,1
SC,Fort Mill,Whits Frozen Custard Of Fort Mill,WokSBO9j1o1iWxlnD4-gIA,4.8,20,0
SC,Fort Mill,Whits Frozen Custard Of Fort Mill,WokSBO9j1o1iWxlnD4-gIA,4.8,21,2
SC,Fort Mill,Whits Frozen Custard Of Fort Mill,WokSBO9j1o1iWxlnD4-gIA,4.8,22,6
SC,Fort Mill,Whits Frozen Custard Of Fort Mill,WokSBO9j1o1iWxlnD4-gIA,4.8,23,5
OH,Westlake,Eye Candy Optical,pYad8gX0DTOGFDcF5p8dxw,4.86,0,0
OH,Westlake,Eye Candy Optical,pYad8gX0DTOGFDcF5p8dxw,4.86,1,0
OH,Westlake,Eye Candy Optical,pYad8gX0DTOGFDcF5p8dxw,4.86,2,0
OH,Westlake,Eye Candy Optical,pYad8gX0DTOGFDcF5p8dxw,4.86,3,0
OH,Westlake,Eye Candy Optical,pYad8gX0DTOGFDcF5p8dxw,4.86,4,0
OH,Westlake,Eye Candy Optical,pYad8gX0DTOGFDcF5p8dxw,4.86,5,0
OH,Westlake,Eye Candy Optical,pYad8gX0DTOGFDcF5p8dxw,4.86,6,0
OH,Westlake,Eye Candy Optical,pYad8gX0DTOGFDcF5p8dxw,4.86,7,0
OH,Westlake,Eye Candy Optical,pYad8gX0DTOGFDcF5p8dxw,4.86,8,0
OH,Westlake,Eye Candy Optical,pYad8gX0DTOGFDcF5p8dxw,4.86,9,0
OH,Westlake,Eye Candy Optical,pYad8gX0DTOGFDcF5p8dxw,4.86,10,0
OH,Westlake,Eye Candy Optical,pYad8gX0DTOGFDcF5p8dxw,4.86,11,0
OH,Westlake,Eye Candy Optical,pYad8gX0DTOGFDcF5p8dxw,4.86,12,0
OH,Westlake,Eye Candy Optical,pYad8gX0DTOGFDcF5p8dxw,4.86,13,1
OH,Westlake,Eye Candy Optical,pYad8gX0DTOGFDcF5p8dxw,4.86,14,0
OH,Westlake,Eye Candy Optical,pYad8gX0DTOGFDcF5p8dxw,4.86,15,3
OH,Westlake,Eye Candy Optical,pYad8gX0DTOGFDcF5p8dxw,4.86,16,3
OH,Westlake,Eye Candy Optical,pYad8gX0DTOGFDcF5p8dxw,4.86,17,2
OH,Westlake,Eye Candy Optical,pYad8gX0DTOGFDcF5p8dxw,4.86,18,0
OH,Westlake,Eye Candy Optical,pYad8gX0DTOGFDcF5p8dxw,4.86,19,1
OH,Westlake,Eye Candy Optical,pYad8gX0DTOGFDcF5p8dxw,4.86,20,1
OH,Westlake,Eye Candy Optical,pYad8gX0DTOGFDcF5p8dxw,4.86,21,2
OH,Westlake,Eye Candy Optical,pYad8gX0DTOGFDcF5p8dxw,4.86,22,0
OH,Westlake,Eye Candy Optical,pYad8gX0DTOGFDcF5p8dxw,4.86,23,3
OH,Cleveland,Sabor Miami Cafe & Gallery,mXaqyzYTqiTc-LrTFAm0Yw,4.85,0,0
OH,Cleveland,Sabor Miami Cafe & Gallery,mXaqyzYTqiTc-LrTFAm0Yw,4.85,1,0
OH,Cleveland,Sabor Miami Cafe & Gallery,mXaqyzYTqiTc-LrTFAm0Yw,4.85,2,0
OH,Cleveland,Sabor Miami Cafe & Gallery,mXaqyzYTqiTc-LrTFAm0Yw,4.85,3,0
OH,Cleveland,Sabor Miami Cafe & Gallery,mXaqyzYTqiTc-LrTFAm0Yw,4.85,4,0
OH,Cleveland,Sabor Miami Cafe & Gallery,mXaqyzYTqiTc-LrTFAm0Yw,4.85,5,0
OH,Cleveland,Sabor Miami Cafe & Gallery,mXaqyzYTqiTc-LrTFAm0Yw,4.85,6,0
OH,Cleveland,Sabor Miami Cafe & Gallery,mXaqyzYTqiTc-LrTFAm0Yw,4.85,7,0
OH,Cleveland,Sabor Miami Cafe & Gallery,mXaqyzYTqiTc-LrTFAm0Yw,4.85,8,0
OH,Cleveland,Sabor Miami Cafe & Gallery,mXaqyzYTqiTc-LrTFAm0Yw,4.85,9,0
OH,Cleveland,Sabor Miami Cafe & Gallery,mXaqyzYTqiTc-LrTFAm0Yw,4.85,10,1
OH,Cleveland,Sabor Miami Cafe & Gallery,mXaqyzYTqiTc-LrTFAm0Yw,4.85,11,0
OH,Cleveland,Sabor Miami Cafe & Gallery,mXaqyzYTqiTc-LrTFAm0Yw,4.85,12,0
OH,Cleveland,Sabor Miami Cafe & Gallery,mXaqyzYTqiTc-LrTFAm0Yw,4.85,13,0
OH,Cleveland,Sabor Miami Cafe & Gallery,mXaqyzYTqiTc-LrTFAm0Yw,4.85,14,0
OH,Cleveland,Sabor Miami Cafe & Gallery,mXaqyzYTqiTc-LrTFAm0Yw,4.85,15,11
OH,Cleveland,Sabor Miami Cafe & Gallery,mXaqyzYTqiTc-LrTFAm0Yw,4.85,16,20
OH,Cleveland,Sabor Miami Cafe & Gallery,mXaqyzYTqiTc-LrTFAm0Yw,4.85,17,31
OH,Cleveland,Sabor Miami Cafe & Gallery,mXaqyzYTqiTc-LrTFAm0Yw,4.85,18,15
OH,Cleveland,Sabor Miami Cafe & Gallery,mXaqyzYTqiTc-LrTFAm0Yw,4.85,19,8
OH,Cleveland,Sabor Miami Cafe & Gallery,mXaqyzYTqiTc-LrTFAm0Yw,4.85,20,1
OH,Cleveland,Sabor Miami Cafe & Gallery,mXaqyzYTqiTc-LrTFAm0Yw,4.85,21,0
OH,Cleveland,Sabor Miami Cafe & Gallery,mXaqyzYTqiTc-LrTFAm0Yw,4.85,22,0
OH,Cleveland,Sabor Miami Cafe & Gallery,mXaqyzYTqiTc-LrTFAm0Yw,4.85,23,0
CA,Huntington Beach,Beachside Tans,UE_fvET7Aj16w7Cluj7ZGg,4.67,0,1
CA,Huntington Beach,Beachside Tans,UE_fvET7Aj16w7Cluj7ZGg,4.67,1,0
CA,Huntington Beach,Beachside Tans,UE_fvET7Aj16w7Cluj7ZGg,4.67,2,0
CA,Huntington Beach,Beachside Tans,UE_fvET7Aj16w7Cluj7ZGg,4.67,3,0
CA,Huntington Beach,Beachside Tans,UE_fvET7Aj16w7Cluj7ZGg,4.67,4,0
CA,Huntington Beach,Beachside Tans,UE_fvET7Aj16w7Cluj7ZGg,4.67,5,0
CA,Huntington Beach,Beachside Tans,UE_fvET7Aj16w7Cluj7ZGg,4.67,6,0
CA,Huntington Beach,Beachside Tans,UE_fvET7Aj16w7Cluj7ZGg,4.67,7,0
CA,Huntington Beach,Beachside Tans,UE_fvET7Aj16w7Cluj7ZGg,4.67,8,0
CA,Huntington Beach,Beachside Tans,UE_fvET7Aj16w7Cluj7ZGg,4.67,9,0
CA,Huntington Beach,Beachside Tans,UE_fvET7Aj16w7Cluj7ZGg,4.67,10,0
CA,Huntington Beach,Beachside Tans,UE_fvET7Aj16w7Cluj7ZGg,4.67,11,0
CA,Huntington Beach,Beachside Tans,UE_fvET7Aj16w7Cluj7ZGg,4.67,12,0
CA,Huntington Beach,Beachside Tans,UE_fvET7Aj16w7Cluj7ZGg,4.67,13,0
CA,Huntington Beach,Beachside Tans,UE_fvET7Aj16w7Cluj7ZGg,4.67,14,0
CA,Huntington Beach,Beachside Tans,UE_fvET7Aj16w7Cluj7ZGg,4.67,15,0
CA,Huntington Beach,Beachside Tans,UE_fvET7Aj16w7Cluj7ZGg,4.67,16,0
CA,Huntington Beach,Beachside Tans,UE_fvET7Aj16w7Cluj7ZGg,4.67,17,0
CA,Huntington Beach,Beachside Tans,UE_fvET7Aj16w7Cluj7ZGg,4.67,18,0
CA,Huntington Beach,Beachside Tans,UE_fvET7Aj16w7Cluj7ZGg,4.67,19,0
CA,Huntington Beach,Beachside Tans,UE_fvET7Aj16w7Cluj7ZGg,4.67,20,1
CA,Huntington Beach,Beachside Tans,UE_fvET7Aj16w7Cluj7ZGg,4.67,21,0
CA,Huntington Beach,Beachside Tans,UE_fvET7Aj16w7Cluj7ZGg,4.67,22,1
CA,Huntington Beach,Beachside Tans,UE_fvET7Aj16w7Cluj7ZGg,4.67,23,0
TX,Phoenix,Omaha Steakhouse,2H9lfg6In0Z5bFi0hbWOIg,3.26,0,10
TX,Phoenix,Omaha Steakhouse,2H9lfg6In0Z5bFi0hbWOIg,3.26,1,17
TX,Phoenix,Omaha Steakhouse,2H9lfg6In0Z5bFi0hbWOIg,3.26,2,12
TX,Phoenix,Omaha Steakhouse,2H9lfg6In0Z5bFi0hbWOIg,3.26,3,19
TX,Phoenix,Omaha Steakhouse,2H9lfg6In0Z5bFi0hbWOIg,3.26,4,10
TX,Phoenix,Omaha Steakhouse,2H9lfg6In0Z5bFi0hbWOIg,3.26,5,3
TX,Phoenix,Omaha Steakhouse,2H9lfg6In0Z5bFi0hbWOIg,3.26,6,0
TX,Phoenix,Omaha Steakhouse,2H9lfg6In0Z5bFi0hbWOIg,3.26,7,1
TX,Phoenix,Omaha Steakhouse,2H9lfg6In0Z5bFi0hbWOIg,3.26,8,0
TX,Phoenix,Omaha Steakhouse,2H9lfg6In0Z5bFi0hbWOIg,3.26,9,0
TX,Phoenix,Omaha Steakhouse,2H9lfg6In0Z5bFi0hbWOIg,3.26,10,0
TX,Phoenix,Omaha Steakhouse,2H9lfg6In0Z5bFi0hbWOIg,3.26,11,0
TX,Phoenix,Omaha Steakhouse,2H9lfg6In0Z5bFi0hbWOIg,3.26,12,1
TX,Phoenix,Omaha Steakhouse,2H9lfg6In0Z5bFi0hbWOIg,3.26,13,1
TX,Phoenix,Omaha Steakhouse,2H9lfg6In0Z5bFi0hbWOIg,3.26,14,1
TX,Phoenix,Omaha Steakhouse,2H9lfg6In0Z5bFi0hbWOIg,3.26,15,5
TX,Phoenix,Omaha Steakhouse,2H9lfg6In0Z5bFi0hbWOIg,3.26,16,2
TX,Phoenix,Omaha Steakhouse,2H9lfg6In0Z5bFi0hbWOIg,3.26,17,1
TX,Phoenix,Omaha Steakhouse,2H9lfg6In0Z5bFi0hbWOIg,3.26,18,4
TX,Phoenix,Omaha Steakhouse,2H9lfg6In0Z5bFi0hbWOIg,3.26,19,13
TX,Phoenix,Omaha Steakhouse,2H9lfg6In0Z5bFi0hbWOIg,3.26,20,5
TX,Phoenix,Omaha Steakhouse,2H9lfg6In0Z5bFi0hbWOIg,3.26,21,2
TX,Phoenix,Omaha Steakhouse,2H9lfg6In0Z5bFi0hbWOIg,3.26,22,3
TX,Phoenix,Omaha Steakhouse,2H9lfg6In0Z5bFi0hbWOIg,3.26,23,3
TX,Dallas,Texas de Brazil,7j5yndEexyQn9cpVXLIIpw,4.18,0,306
TX,Dallas,Texas de Brazil,7j5yndEexyQn9cpVXLIIpw,4.18,1,598
TX,Dallas,Texas de Brazil,7j5yndEexyQn9cpVXLIIpw,4.18,2,776
TX,Dallas,Texas de Brazil,7j5yndEexyQn9cpVXLIIpw,4.18,3,654
TX,Dallas,Texas de Brazil,7j5yndEexyQn9cpVXLIIpw,4.18,4,432
TX,Dallas,Texas de Brazil,7j5yndEexyQn9cpVXLIIpw,4.18,5,162
TX,Dallas,Texas de Brazil,7j5yndEexyQn9cpVXLIIpw,4.18,6,41
TX,Dallas,Texas de Brazil,7j5yndEexyQn9cpVXLIIpw,4.18,7,15
TX,Dallas,Texas de Brazil,7j5yndEexyQn9cpVXLIIpw,4.18,8,5
TX,Dallas,Texas de Brazil,7j5yndEexyQn9cpVXLIIpw,4.18,9,1
TX,Dallas,Texas de Brazil,7j5yndEexyQn9cpVXLIIpw,4.18,10,1
TX,Dallas,Texas de Brazil,7j5yndEexyQn9cpVXLIIpw,4.18,11,1
TX,Dallas,Texas de Brazil,7j5yndEexyQn9cpVXLIIpw,4.18,12,1
TX,Dallas,Texas de Brazil,7j5yndEexyQn9cpVXLIIpw,4.18,13,1
TX,Dallas,Texas de Brazil,7j5yndEexyQn9cpVXLIIpw,4.18,14,1
TX,Dallas,Texas de Brazil,7j5yndEexyQn9cpVXLIIpw,4.18,15,6
TX,Dallas,Texas de Brazil,7j5yndEexyQn9cpVXLIIpw,4.18,16,4
TX,Dallas,Texas de Brazil,7j5yndEexyQn9cpVXLIIpw,4.18,17,7
TX,Dallas,Texas de Brazil,7j5yndEexyQn9cpVXLIIpw,4.18,18,37
TX,Dallas,Texas de Brazil,7j5yndEexyQn9cpVXLIIpw,4.18,19,115
TX,Dallas,Texas de Brazil,7j5yndEexyQn9cpVXLIIpw,4.18,20,150
TX,Dallas,Texas de Brazil,7j5yndEexyQn9cpVXLIIpw,4.18,21,91
TX,Dallas,Texas de Brazil,7j5yndEexyQn9cpVXLIIpw,4.18,22,66
TX,Dallas,Texas de Brazil,7j5yndEexyQn9cpVXLIIpw,4.18,23,95
TX,Frisco,Liberty Choice Insurance,zZ3XzaG82sL4OU90Mpp60w,4.56,0,0
TX,Frisco,Liberty Choice Insurance,zZ3XzaG82sL4OU90Mpp60w,4.56,1,0
TX,Frisco,Liberty Choice Insurance,zZ3XzaG82sL4OU90Mpp60w,4.56,2,0
TX,Frisco,Liberty Choice Insurance,zZ3XzaG82sL4OU90Mpp60w,4.56,3,0
TX,Frisco,Liberty Choice Insurance,zZ3XzaG82sL4OU90Mpp60w,4.56,4,0
TX,Frisco,Liberty Choice Insurance,zZ3XzaG82sL4OU90Mpp60w,4.56,5,0
TX,Frisco,Liberty Choice Insurance,zZ3XzaG82sL4OU90Mpp60w,4.56,6,0
TX,Frisco,Liberty Choice Insurance,zZ3XzaG82sL4OU90Mpp60w,4.56,7,0
TX,Frisco,Liberty Choice Insurance,zZ3XzaG82sL4OU90Mpp60w,4.56,8,0
TX,Frisco,Liberty Choice Insurance,zZ3XzaG82sL4OU90Mpp60w,4.56,9,0
TX,Frisco,Liberty Choice Insurance,zZ3XzaG82sL4OU90Mpp60w,4.56,10,0
TX,Frisco,Liberty Choice Insurance,zZ3XzaG82sL4OU90Mpp60w,4.56,11,0
TX,Frisco,Liberty Choice Insurance,zZ3XzaG82sL4OU90Mpp60w,4.56,12,0
TX,Frisco,Liberty Choice Insurance,zZ3XzaG82sL4OU90Mpp60w,4.56,13,0
TX,Frisco,Liberty Choice Insurance,zZ3XzaG82sL4OU90Mpp60w,4.56,14,0
TX,Frisco,Liberty Choice Insurance,zZ3XzaG82sL4OU90Mpp60w,4.56,15,0
TX,Frisco,Liberty Choice Insurance,zZ3XzaG82sL4OU90Mpp60w,4.56,16,0
TX,Frisco,Liberty Choice Insurance,zZ3XzaG82sL4OU90Mpp60w,4.56,17,0
TX,Frisco,Liberty Choice Insurance,zZ3XzaG82sL4OU90Mpp60w,4.56,18,0
TX,Frisco,Liberty Choice Insurance,zZ3XzaG82sL4OU90Mpp60w,4.56,19,0
TX,Frisco,Liberty Choice Insurance,zZ3XzaG82sL4OU90Mpp60w,4.56,20,0
TX,Frisco,Liberty Choice Insurance,zZ3XzaG82sL4OU90Mpp60w,4.56,21,0
TX,Frisco,Liberty Choice Insurance,zZ3XzaG82sL4OU90Mpp60w,4.56,22,0
TX,Frisco,Liberty Choice Insurance,zZ3XzaG82sL4OU90Mpp60w,4.56,23,1
NY,Mooers,Sandi's Kountry Kitchen,jH19V2I9fIslnNhDzPmdkA,4.58,0,0
NY,Mooers,Sandi's Kountry Kitchen,jH19V2I9fIslnNhDzPmdkA,4.58,1,0
NY,Mooers,Sandi's Kountry Kitchen,jH19V2I9fIslnNhDzPmdkA,4.58,2,0
NY,Mooers,Sandi's Kountry Kitchen,jH19V2I9fIslnNhDzPmdkA,4.58,3,0
NY,Mooers,Sandi's Kountry Kitchen,jH19V2I9fIslnNhDzPmdkA,4.58,4,0
NY,Mooers,Sandi's Kountry Kitchen,jH19V2I9fIslnNhDzPmdkA,4.58,5,0
NY,Mooers,Sandi's Kountry Kitchen,jH19V2I9fIslnNhDzPmdkA,4.58,6,0
NY,Mooers,Sandi's Kountry Kitchen,jH19V2I9fIslnNhDzPmdkA,4.58,7,0
NY,Mooers,Sandi's Kountry Kitchen,jH19V2I9fIslnNhDzPmdkA,4.58,8,0
NY,Mooers,Sandi's Kountry Kitchen,jH19V2I9fIslnNhDzPmdkA,4.58,9,0
NY,Mooers,Sandi's Kountry Kitchen,jH19V2I9fIslnNhDzPmdkA,4.58,10,0
NY,Mooers,Sandi's Kountry Kitchen,jH19V2I9fIslnNhDzPmdkA,4.58,11,0
NY,Mooers,Sandi's Kountry Kitchen,jH19V2I9fIslnNhDzPmdkA,4.58,12,0
NY,Mooers,Sandi's Kountry Kitchen,jH19V2I9fIslnNhDzPmdkA,4.58,13,0
NY,Mooers,Sandi's Kountry Kitchen,jH19V2I9fIslnNhDzPmdkA,4.58,14,0
NY,Mooers,Sandi's Kountry Kitchen,jH19V2I9fIslnNhDzPmdkA,4.58,15,1
NY,Mooers,Sandi's Kountry Kitchen,jH19V2I9fIslnNhDzPmdkA,4.58,16,0
NY,Mooers,Sandi's Kountry Kitchen,jH19V2I9fIslnNhDzPmdkA,4.58,17,0
NY,Mooers,Sandi's Kountry Kitchen,jH19V2I9fIslnNhDzPmdkA,4.58,18,1
NY,Mooers,Sandi's Kountry Kitchen,jH19V2I9fIslnNhDzPmdkA,4.58,19,0
NY,Mooers,Sandi's Kountry Kitchen,jH19V2I9fIslnNhDzPmdkA,4.58,20,0
NY,Mooers,Sandi's Kountry Kitchen,jH19V2I9fIslnNhDzPmdkA,4.58,21,0
NY,Mooers,Sandi's Kountry Kitchen,jH19V2I9fIslnNhDzPmdkA,4.58,22,0
NY,Mooers,Sandi's Kountry Kitchen,jH19V2I9fIslnNhDzPmdkA,4.58,23,0
NY,Rouses Point,Lakeside Coffee,f5Pg89x-2xek78E9KHMhNg,4.29,0,0
NY,Rouses Point,Lakeside Coffee,f5Pg89x-2xek78E9KHMhNg,4.29,1,0
NY,Rouses Point,Lakeside Coffee,f5Pg89x-2xek78E9KHMhNg,4.29,2,0
NY,Rouses Point,Lakeside Coffee,f5Pg89x-2xek78E9KHMhNg,4.29,3,0
NY,Rouses Point,Lakeside Coffee,f5Pg89x-2xek78E9KHMhNg,4.29,4,0
NY,Rouses Point,Lakeside Coffee,f5Pg89x-2xek78E9KHMhNg,4.29,5,0
NY,Rouses Point,Lakeside Coffee,f5Pg89x-2xek78E9KHMhNg,4.29,6,0
NY,Rouses Point,Lakeside Coffee,f5Pg89x-2xek78E9KHMhNg,4.29,7,0
NY,Rouses Point,Lakeside Coffee,f5Pg89x-2xek78E9KHMhNg,4.29,8,0
NY,Rouses Point,Lakeside Coffee,f5Pg89x-2xek78E9KHMhNg,4.29,9,0
NY,Rouses Point,Lakeside Coffee,f5Pg89x-2xek78E9KHMhNg,4.29,10,0
NY,Rouses Point,Lakeside Coffee,f5Pg89x-2xek78E9KHMhNg,4.29,11,1
NY,Rouses Point,Lakeside Coffee,f5Pg89x-2xek78E9KHMhNg,4.29,12,4
NY,Rouses Point,Lakeside Coffee,f5Pg89x-2xek78E9KHMhNg,4.29,13,5
NY,Rouses Point,Lakeside Coffee,f5Pg89x-2xek78E9KHMhNg,4.29,14,7
NY,Rouses Point,Lakeside Coffee,f5Pg89x-2xek78E9KHMhNg,4.29,15,6
NY,Rouses Point,Lakeside Coffee,f5Pg89x-2xek78E9KHMhNg,4.29,16,1
NY,Rouses Point,Lakeside Coffee,f5Pg89x-2xek78E9KHMhNg,4.29,17,3
NY,Rouses Point,Lakeside Coffee,f5Pg89x-2xek78E9KHMhNg,4.29,18,0
NY,Rouses Point,Lakeside Coffee,f5Pg89x-2xek78E9KHMhNg,4.29,19,4
NY,Rouses Point,Lakeside Coffee,f5Pg89x-2xek78E9KHMhNg,4.29,20,1
NY,Rouses Point,Lakeside Coffee,f5Pg89x-2xek78E9KHMhNg,4.29,21,1
NY,Rouses Point,Lakeside Coffee,f5Pg89x-2xek78E9KHMhNg,4.29,22,0
NY,Rouses Point,Lakeside Coffee,f5Pg89x-2xek78E9KHMhNg,4.29,23,0
NY,Rouses Point,Gino's Pizza,6ipr7nnwrzf_o3MGD-8nlA,4.21,0,2
NY,Rouses Point,Gino's Pizza,6ipr7nnwrzf_o3MGD-8nlA,4.21,1,1
NY,Rouses Point,Gino's Pizza,6ipr7nnwrzf_o3MGD-8nlA,4.21,2,0
NY,Rouses Point,Gino's Pizza,6ipr7nnwrzf_o3MGD-8nlA,4.21,3,0
NY,Rouses Point,Gino's Pizza,6ipr7nnwrzf_o3MGD-8nlA,4.21,4,0
NY,Rouses Point,Gino's Pizza,6ipr7nnwrzf_o3MGD-8nlA,4.21,5,0
NY,Rouses Point,Gino's Pizza,6ipr7nnwrzf_o3MGD-8nlA,4.21,6,0
NY,Rouses Point,Gino's Pizza,6ipr7nnwrzf_o3MGD-8nlA,4.21,7,0
NY,Rouses Point,Gino's Pizza,6ipr7nnwrzf_o3MGD-8nlA,4.21,8,0
NY,Rouses Point,Gino's Pizza,6ipr7nnwrzf_o3MGD-8nlA,4.21,9,0
NY,Rouses Point,Gino's Pizza,6ipr7nnwrzf_o3MGD-8nlA,4.21,10,0
NY,Rouses Point,Gino's Pizza,6ipr7nnwrzf_o3MGD-8nlA,4.21,11,0
NY,Rouses Point,Gino's Pizza,6ipr7nnwrzf_o3MGD-8nlA,4.21,12,0
NY,Rouses Point,Gino's Pizza,6ipr7nnwrzf_o3MGD-8nlA,4.21,13,0
NY,Rouses Point,Gino's Pizza,6ipr7nnwrzf_o3MGD-8nlA,4.21,14,0
NY,Rouses Point,Gino's Pizza,6ipr7nnwrzf_o3MGD-8nlA,4.21,15,0
NY,Rouses Point,Gino's Pizza,6ipr7nnwrzf_o3MGD-8nlA,4.21,16,0
NY,Rouses Point,Gino's Pizza,6ipr7nnwrzf_o3MGD-8nlA,4.21,17,0
NY,Rouses Point,Gino's Pizza,6ipr7nnwrzf_o3MGD-8nlA,4.21,18,4
NY,Rouses Point,Gino's Pizza,6ipr7nnwrzf_o3MGD-8nlA,4.21,19,0
NY,Rouses Point,Gino's Pizza,6ipr7nnwrzf_o3MGD-8nlA,4.21,20,0
NY,Rouses Point,Gino's Pizza,6ipr7nnwrzf_o3MGD-8nlA,4.21,21,2
NY,Rouses Point,Gino's Pizza,6ipr7nnwrzf_o3MGD-8nlA,4.21,22,1
NY,Rouses Point,Gino's Pizza,6ipr7nnwrzf_o3MGD-8nlA,4.21,23,1
CO,Centennial,Pizza Hut-Centennial,Y-omMxOCDSYd7jbo1PSCig,2.14,0,1
CO,Centennial,Pizza Hut-Centennial,Y-omMxOCDSYd7jbo1PSCig,2.14,1,4
CO,Centennial,Pizza Hut-Centennial,Y-omMxOCDSYd7jbo1PSCig,2.14,2,6
CO,Centennial,Pizza Hut-Centennial,Y-omMxOCDSYd7jbo1PSCig,2.14,3,5
CO,Centennial,Pizza Hut-Centennial,Y-omMxOCDSYd7jbo1PSCig,2.14,4,3
CO,Centennial,Pizza Hut-Centennial,Y-omMxOCDSYd7jbo1PSCig,2.14,5,2
CO,Centennial,Pizza Hut-Centennial,Y-omMxOCDSYd7jbo1PSCig,2.14,6,1
CO,Centennial,Pizza Hut-Centennial,Y-omMxOCDSYd7jbo1PSCig,2.14,7,0
CO,Centennial,Pizza Hut-Centennial,Y-omMxOCDSYd7jbo1PSCig,2.14,8,0
CO,Centennial,Pizza Hut-Centennial,Y-omMxOCDSYd7jbo1PSCig,2.14,9,0
CO,Centennial,Pizza Hut-Centennial,Y-omMxOCDSYd7jbo1PSCig,2.14,10,0
CO,Centennial,Pizza Hut-Centennial,Y-omMxOCDSYd7jbo1PSCig,2.14,11,0
CO,Centennial,Pizza Hut-Centennial,Y-omMxOCDSYd7jbo1PSCig,2.14,12,0
CO,Centennial,Pizza Hut-Centennial,Y-omMxOCDSYd7jbo1PSCig,2.14,13,0
CO,Centennial,Pizza Hut-Centennial,Y-omMxOCDSYd7jbo1PSCig,2.14,14,0
CO,Centennial,Pizza Hut-Centennial,Y-omMxOCDSYd7jbo1PSCig,2.14,15,2
CO,Centennial,Pizza Hut-Centennial,Y-omMxOCDSYd7jbo1PSCig,2.14,16,1
CO,Centennial,Pizza Hut-Centennial,Y-omMxOCDSYd7jbo1PSCig,2.14,17,0
CO,Centennial,Pizza Hut-Centennial,Y-omMxOCDSYd7jbo1PSCig,2.14,18,0
CO,Centennial,Pizza Hut-Centennial,Y-omMxOCDSYd7jbo1PSCig,2.14,19,0
CO,Centennial,Pizza Hut-Centennial,Y-omMxOCDSYd7jbo1PSCig,2.14,20,0
CO,Centennial,Pizza Hut-Centennial,Y-omMxOCDSYd7jbo1PSCig,2.14,21,0
CO,Centennial,Pizza Hut-Centennial,Y-omMxOCDSYd7jbo1PSCig,2.14,22,3
CO,Centennial,Pizza Hut-Centennial,Y-omMxOCDSYd7jbo1PSCig,2.14,23,2
CO,Macedonia,Pizza Hut-Macedonia,D2RoOb4UkH2azf8DgvNfUA,2.57,0,5
CO,Macedonia,Pizza Hut-Macedonia,D2RoOb4UkH2azf8DgvNfUA,2.57,1,4
CO,Macedonia,Pizza Hut-Macedonia,D2RoOb4UkH2azf8DgvNfUA,2.57,2,6
CO,Macedonia,Pizza Hut-Macedonia,D2RoOb4UkH2azf8DgvNfUA,2.57,3,2
CO,Macedonia,Pizza Hut-Macedonia,D2RoOb4UkH2azf8DgvNfUA,2.57,4,3
CO,Macedonia,Pizza Hut-Macedonia,D2RoOb4UkH2azf8DgvNfUA,2.57,5,1
CO,Macedonia,Pizza Hut-Macedonia,D2RoOb4UkH2azf8DgvNfUA,2.57,6,0
CO,Macedonia,Pizza Hut-Macedonia,D2RoOb4UkH2azf8DgvNfUA,2.57,7,0
CO,Macedonia,Pizza Hut-Macedonia,D2RoOb4UkH2azf8DgvNfUA,2.57,8,0
CO,Macedonia,Pizza Hut-Macedonia,D2RoOb4UkH2azf8DgvNfUA,2.57,9,0
CO,Macedonia,Pizza Hut-Macedonia,D2RoOb4UkH2azf8DgvNfUA,2.57,10,0
CO,Macedonia,Pizza Hut-Macedonia,D2RoOb4UkH2azf8DgvNfUA,2.57,11,0
CO,Macedonia,Pizza Hut-Macedonia,D2RoOb4UkH2azf8DgvNfUA,2.57,12,0
CO,Macedonia,Pizza Hut-Macedonia,D2RoOb4UkH2azf8DgvNfUA,2.57,13,0
CO,Macedonia,Pizza Hut-Macedonia,D2RoOb4UkH2azf8DgvNfUA,2.57,14,0
CO,Macedonia,Pizza Hut-Macedonia,D2RoOb4UkH2azf8DgvNfUA,2.57,15,0
CO,Macedonia,Pizza Hut-Macedonia,D2RoOb4UkH2azf8DgvNfUA,2.57,16,4
CO,Macedonia,Pizza Hut-Macedonia,D2RoOb4UkH2azf8DgvNfUA,2.57,17,2
CO,Macedonia,Pizza Hut-Macedonia,D2RoOb4UkH2azf8DgvNfUA,2.57,18,1
CO,Macedonia,Pizza Hut-Macedonia,D2RoOb4UkH2azf8DgvNfUA,2.57,19,0
CO,Macedonia,Pizza Hut-Macedonia,D2RoOb4UkH2azf8DgvNfUA,2.57,20,2
CO,Macedonia,Pizza Hut-Macedonia,D2RoOb4UkH2azf8DgvNfUA,2.57,21,1
CO,Macedonia,Pizza Hut-Macedonia,D2RoOb4UkH2azf8DgvNfUA,2.57,22,5
CO,Macedonia,Pizza Hut-Macedonia,D2RoOb4UkH2azf8DgvNfUA,2.57,23,4
GA,Avondale,Avondale Cleaners,iuaF3WLy4ED12iiJ0GADJg,2.6,0,0
GA,Avondale,Avondale Cleaners,iuaF3WLy4ED12iiJ0GADJg,2.6,1,0
GA,Avondale,Avondale Cleaners,iuaF3WLy4ED12iiJ0GADJg,2.6,2,0
GA,Avondale,Avondale Cleaners,iuaF3WLy4ED12iiJ0GADJg,2.6,3,0
GA,Avondale,Avondale Cleaners,iuaF3WLy4ED12iiJ0GADJg,2.6,4,0
GA,Avondale,Avondale Cleaners,iuaF3WLy4ED12iiJ0GADJg,2.6,5,0
GA,Avondale,Avondale Cleaners,iuaF3WLy4ED12iiJ0GADJg,2.6,6,0
GA,Avondale,Avondale Cleaners,iuaF3WLy4ED12iiJ0GADJg,2.6,7,0
GA,Avondale,Avondale Cleaners,iuaF3WLy4ED12iiJ0GADJg,2.6,8,0
GA,Avondale,Avondale Cleaners,iuaF3WLy4ED12iiJ0GADJg,2.6,9,0
GA,Avondale,Avondale Cleaners,iuaF3WLy4ED12iiJ0GADJg,2.6,10,0
GA,Avondale,Avondale Cleaners,iuaF3WLy4ED12iiJ0GADJg,2.6,11,0
GA,Avondale,Avondale Cleaners,iuaF3WLy4ED12iiJ0GADJg,2.6,12,0
GA,Avondale,Avondale Cleaners,iuaF3WLy4ED12iiJ0GADJg,2.6,13,0
GA,Avondale,Avondale Cleaners,iuaF3WLy4ED12iiJ0GADJg,2.6,14,0
GA,Avondale,Avondale Cleaners,iuaF3WLy4ED12iiJ0GADJg,2.6,15,0
GA,Avondale,Avondale Cleaners,iuaF3WLy4ED12iiJ0GADJg,2.6,16,0
GA,Avondale,Avondale Cleaners,iuaF3WLy4ED12iiJ0GADJg,2.6,17,0
GA,Avondale,Avondale Cleaners,iuaF3WLy4ED12iiJ0GADJg,2.6,18,0
GA,Avondale,Avondale Cleaners,iuaF3WLy4ED12iiJ0GADJg,2.6,19,0
GA,Avondale,Avondale Cleaners,iuaF3WLy4ED12iiJ0GADJg,2.6,20,1
GA,Avondale,Avondale Cleaners,iuaF3WLy4ED12iiJ0GADJg,2.6,21,0
GA,Avondale,Avondale Cleaners,iuaF3WLy4ED12iiJ0GADJg,2.6,22,2
GA,Avondale,Avondale Cleaners,iuaF3WLy4ED12iiJ0GADJg,2.6,23,0
GA,East Point,ADT Security Services,Gr4bB2OfHE6OYX48HcaxVw,1.36,0,0
GA,East Point,ADT Security Services,Gr4bB2OfHE6OYX48HcaxVw,1.36,1,0
GA,East Point,ADT Security Services,Gr4bB2OfHE6OYX48HcaxVw,1.36,2,0
GA,East Point,ADT Security Services,Gr4bB2OfHE6OYX48HcaxVw,1.36,3,1
GA,East Point,ADT Security Services,Gr4bB2OfHE6OYX48HcaxVw,1.36,4,0
GA,East Point,ADT Security Services,Gr4bB2OfHE6OYX48HcaxVw,1.36,5,0
GA,East Point,ADT Security Services,Gr4bB2OfHE6OYX48HcaxVw,1.36,6,0
GA,East Point,ADT Security Services,Gr4bB2OfHE6OYX48HcaxVw,1.36,7,0
GA,East Point,ADT Security Services,Gr4bB2OfHE6OYX48HcaxVw,1.36,8,0
GA,East Point,ADT Security Services,Gr4bB2OfHE6OYX48HcaxVw,1.36,9,0
GA,East Point,ADT Security Services,Gr4bB2OfHE6OYX48HcaxVw,1.36,10,0
GA,East Point,ADT Security Services,Gr4bB2OfHE6OYX48HcaxVw,1.36,11,0
GA,East Point,ADT Security Services,Gr4bB2OfHE6OYX48HcaxVw,1.36,12,0
GA,East Point,ADT Security Services,Gr4bB2OfHE6OYX48HcaxVw,1.36,13,0
GA,East Point,ADT Security Services,Gr4bB2OfHE6OYX48HcaxVw,1.36,14,0
GA,East Point,ADT Security Services,Gr4bB2OfHE6OYX48HcaxVw,1.36,15,0
GA,East Point,ADT Security Services,Gr4bB2OfHE6OYX48HcaxVw,1.36,16,0
GA,East Point,ADT Security Services,Gr4bB2OfHE6OYX48HcaxVw,1.36,17,0
GA,East Point,ADT Security Services,Gr4bB2OfHE6OYX48HcaxVw,1.36,18,0
GA,East Point,ADT Security Services,Gr4bB2OfHE6OYX48HcaxVw,1.36,19,0
GA,East Point,ADT Security Services,Gr4bB2OfHE6OYX48HcaxVw,1.36,20,0
GA,East Point,ADT Security Services,Gr4bB2OfHE6OYX48HcaxVw,1.36,21,0
GA,East Point,ADT Security Services,Gr4bB2OfHE6OYX48HcaxVw,1.36,22,0
GA,East Point,ADT Security Services,Gr4bB2OfHE6OYX48HcaxVw,1.36,23,0
AL,Henderson Nevada,"Tiffani Tonkinson, DDS",sbtxQN1-pxyfNr_aVYew9Q,4.43,0,0
AL,Henderson Nevada,"Tiffani Tonkinson, DDS",sbtxQN1-pxyfNr_aVYew9Q,4.43,1,0
AL,Henderson Nevada,"Tiffani Tonkinson, DDS",sbtxQN1-pxyfNr_aVYew9Q,4.43,2,0
AL,Henderson Nevada,"Tiffani Tonkinson, DDS",sbtxQN1-pxyfNr_aVYew9Q,4.43,3,0
AL,Henderson Nevada,"Tiffani Tonkinson, DDS",sbtxQN1-pxyfNr_aVYew9Q,4.43,4,0
AL,Henderson Nevada,"Tiffani Tonkinson, DDS",sbtxQN1-pxyfNr_aVYew9Q,4.43,5,0
AL,Henderson Nevada,"Tiffani Tonkinson, DDS",sbtxQN1-pxyfNr_aVYew9Q,4.43,6,0
AL,Henderson Nevada,"Tiffani Tonkinson, DDS",sbtxQN1-pxyfNr_aVYew9Q,4.43,7,0
AL,Henderson Nevada,"Tiffani Tonkinson, DDS",sbtxQN1-pxyfNr_aVYew9Q,4.43,8,0
AL,Henderson Nevada,"Tiffani Tonkinson, DDS",sbtxQN1-pxyfNr_aVYew9Q,4.43,9,0
AL,Henderson Nevada,"Tiffani Tonkinson, DDS",sbtxQN1-pxyfNr_aVYew9Q,4.43,10,0
AL,Henderson Nevada,"Tiffani Tonkinson, DDS",sbtxQN1-pxyfNr_aVYew9Q,4.43,11,0
AL,Henderson Nevada,"Tiffani Tonkinson, DDS",sbtxQN1-pxyfNr_aVYew9Q,4.43,12,0
AL,Henderson Nevada,"Tiffani Tonkinson, DDS",sbtxQN1-pxyfNr_aVYew9Q,4.43,13,0
AL,Henderson Nevada,"Tiffani Tonkinson, DDS",sbtxQN1-pxyfNr_aVYew9Q,4.43,14,0
AL,Henderson Nevada,"Tiffani Tonkinson, DDS",sbtxQN1-pxyfNr_aVYew9Q,4.43,15,0
AL,Henderson Nevada,"Tiffani Tonkinson, DDS",sbtxQN1-pxyfNr_aVYew9Q,4.43,16,1
AL,Henderson Nevada,"Tiffani Tonkinson, DDS",sbtxQN1-pxyfNr_aVYew9Q,4.43,17,0
AL,Henderson Nevada,"Tiffani Tonkinson, DDS",sbtxQN1-pxyfNr_aVYew9Q,4.43,18,0
AL,Henderson Nevada,"Tiffani Tonkinson, DDS",sbtxQN1-pxyfNr_aVYew9Q,4.43,19,0
AL,Henderson Nevada,"Tiffani Tonkinson, DDS",sbtxQN1-pxyfNr_aVYew9Q,4.43,20,0
AL,Henderson Nevada,"Tiffani Tonkinson, DDS",sbtxQN1-pxyfNr_aVYew9Q,4.43,21,0
AL,Henderson Nevada,"Tiffani Tonkinson, DDS",sbtxQN1-pxyfNr_aVYew9Q,4.43,22,0
AL,Henderson Nevada,"Tiffani Tonkinson, DDS",sbtxQN1-pxyfNr_aVYew9Q,4.43,23,0
AL,Chandler,Chevron,6NAWNCgdLHeMh3wHRgu6vw,2.75,0,5
AL,Chandler,Chevron,6NAWNCgdLHeMh3wHRgu6vw,2.75,1,6
AL,Chandler,Chevron,6NAWNCgdLHeMh3wHRgu6vw,2.75,2,3
AL,Chandler,Chevron,6NAWNCgdLHeMh3wHRgu6vw,2.75,3,0
AL,Chandler,Chevron,6NAWNCgdLHeMh3wHRgu6vw,2.75,4,3
AL,Chandler,Chevron,6NAWNCgdLHeMh3wHRgu6vw,2.75,5,0
AL,Chandler,Chevron,6NAWNCgdLHeMh3wHRgu6vw,2.75,6,0
AL,Chandler,Chevron,6NAWNCgdLHeMh3wHRgu6vw,2.75,7,2
AL,Chandler,Chevron,6NAWNCgdLHeMh3wHRgu6vw,2.75,8,1
AL,Chandler,Chevron,6NAWNCgdLHeMh3wHRgu6vw,2.75,9,0
AL,Chandler,Chevron,6NAWNCgdLHeMh3wHRgu6vw,2.75,10,2
AL,Chandler,Chevron,6NAWNCgdLHeMh3wHRgu6vw,2.75,11,0
AL,Chandler,Chevron,6NAWNCgdLHeMh3wHRgu6vw,2.75,12,2
AL,Chandler,Chevron,6NAWNCgdLHeMh3wHRgu6vw,2.75,13,2
AL,Chandler,Chevron,6NAWNCgdLHeMh3wHRgu6vw,2.75,14,0
AL,Chandler,Chevron,6NAWNCgdLHeMh3wHRgu6vw,2.75,15,4
AL,Chandler,Chevron,6NAWNCgdLHeMh3wHRgu6vw,2.75,16,0
AL,Chandler,Chevron,6NAWNCgdLHeMh3wHRgu6vw,2.75,17,1
AL,Chandler,Chevron,6NAWNCgdLHeMh3wHRgu6vw,2.75,18,1
AL,Chandler,Chevron,6NAWNCgdLHeMh3wHRgu6vw,2.75,19,4
AL,Chandler,Chevron,6NAWNCgdLHeMh3wHRgu6vw,2.75,20,1
AL,Chandler,Chevron,6NAWNCgdLHeMh3wHRgu6vw,2.75,21,1
AL,Chandler,Chevron,6NAWNCgdLHeMh3wHRgu6vw,2.75,22,5
AL,Chandler,Chevron,6NAWNCgdLHeMh3wHRgu6vw,2.75,23,3
AL,Calgary,Mr Pretzels,sSlMkHBYFOMYbrYG5Jg0Bw,3.5,0,0
AL,Calgary,Mr Pretzels,sSlMkHBYFOMYbrYG5Jg0Bw,3.5,1,0
AL,Calgary,Mr Pretzels,sSlMkHBYFOMYbrYG5Jg0Bw,3.5,2,0
AL,Calgary,Mr Pretzels,sSlMkHBYFOMYbrYG5Jg0Bw,3.5,3,0
AL,Calgary,Mr Pretzels,sSlMkHBYFOMYbrYG5Jg0Bw,3.5,4,0
AL,Calgary,Mr Pretzels,sSlMkHBYFOMYbrYG5Jg0Bw,3.5,5,0
AL,Calgary,Mr Pretzels,sSlMkHBYFOMYbrYG5Jg0Bw,3.5,6,0
AL,Calgary,Mr Pretzels,sSlMkHBYFOMYbrYG5Jg0Bw,3.5,7,0
AL,Calgary,Mr Pretzels,sSlMkHBYFOMYbrYG5Jg0Bw,3.5,8,0
AL,Calgary,Mr Pretzels,sSlMkHBYFOMYbrYG5Jg0Bw,3.5,9,0
AL,Calgary,Mr Pretzels,sSlMkHBYFOMYbrYG5Jg0Bw,3.5,10,0
AL,Calgary,Mr Pretzels,sSlMkHBYFOMYbrYG5Jg0Bw,3.5,11,0
AL,Calgary,Mr Pretzels,sSlMkHBYFOMYbrYG5Jg0Bw,3.5,12,0
AL,Calgary,Mr Pretzels,sSlMkHBYFOMYbrYG5Jg0Bw,3.5,13,0
AL,Calgary,Mr Pretzels,sSlMkHBYFOMYbrYG5Jg0Bw,3.5,14,0
AL,Calgary,Mr Pretzels,sSlMkHBYFOMYbrYG5Jg0Bw,3.5,15,0
AL,Calgary,Mr Pretzels,sSlMkHBYFOMYbrYG5Jg0Bw,3.5,16,0
AL,Calgary,Mr Pretzels,sSlMkHBYFOMYbrYG5Jg0Bw,3.5,17,0
AL,Calgary,Mr Pretzels,sSlMkHBYFOMYbrYG5Jg0Bw,3.5,18,0
AL,Calgary,Mr Pretzels,sSlMkHBYFOMYbrYG5Jg0Bw,3.5,19,0
AL,Calgary,Mr Pretzels,sSlMkHBYFOMYbrYG5Jg0Bw,3.5,20,1
AL,Calgary,Mr Pretzels,sSlMkHBYFOMYbrYG5Jg0Bw,3.5,21,0
AL,Calgary,Mr Pretzels,sSlMkHBYFOMYbrYG5Jg0Bw,3.5,22,0
AL,Calgary,Mr Pretzels,sSlMkHBYFOMYbrYG5Jg0Bw,3.5,23,1
UT,Draper,Lighting Design,Z1Lq5llLEbtkW54JRr7sJw,2.62,0,1
UT,Draper,Lighting Design,Z1Lq5llLEbtkW54JRr7sJw,2.62,1,1
UT,Draper,Lighting Design,Z1Lq5llLEbtkW54JRr7sJw,2.62,2,0
UT,Draper,Lighting Design,Z1Lq5llLEbtkW54JRr7sJw,2.62,3,0
UT,Draper,Lighting Design,Z1Lq5llLEbtkW54JRr7sJw,2.62,4,0
UT,Draper,Lighting Design,Z1Lq5llLEbtkW54JRr7sJw,2.62,5,0
UT,Draper,Lighting Design,Z1Lq5llLEbtkW54JRr7sJw,2.62,6,0
UT,Draper,Lighting Design,Z1Lq5llLEbtkW54JRr7sJw,2.62,7,0
UT,Draper,Lighting Design,Z1Lq5llLEbtkW54JRr7sJw,2.62,8,0
UT,Draper,Lighting Design,Z1Lq5llLEbtkW54JRr7sJw,2.62,9,0
UT,Draper,Lighting Design,Z1Lq5llLEbtkW54JRr7sJw,2.62,10,0
UT,Draper,Lighting Design,Z1Lq5llLEbtkW54JRr7sJw,2.62,11,0
UT,Draper,Lighting Design,Z1Lq5llLEbtkW54JRr7sJw,2.62,12,0
UT,Draper,Lighting Design,Z1Lq5llLEbtkW54JRr7sJw,2.62,13,0
UT,Draper,Lighting Design,Z1Lq5llLEbtkW54JRr7sJw,2.62,14,0
UT,Draper,Lighting Design,Z1Lq5llLEbtkW54JRr7sJw,2.62,15,0
UT,Draper,Lighting Design,Z1Lq5llLEbtkW54JRr7sJw,2.62,16,0
UT,Draper,Lighting Design,Z1Lq5llLEbtkW54JRr7sJw,2.62,17,0
UT,Draper,Lighting Design,Z1Lq5llLEbtkW54JRr7sJw,2.62,18,0
UT,Draper,Lighting Design,Z1Lq5llLEbtkW54JRr7sJw,2.62,19,0
UT,Draper,Lighting Design,Z1Lq5llLEbtkW54JRr7sJw,2.62,20,0
UT,Draper,Lighting Design,Z1Lq5llLEbtkW54JRr7sJw,2.62,21,0
UT,Draper,Lighting Design,Z1Lq5llLEbtkW54JRr7sJw,2.62,22,0
UT,Draper,Lighting Design,Z1Lq5llLEbtkW54JRr7sJw,2.62,23,0
VT,Alburg,Ransom Bay Inn B & B,tJRDll5yqpZwehenzE2cSg,4.43,0,2
VT,Alburg,Ransom Bay Inn B & B,tJRDll5yqpZwehenzE2cSg,4.43,1,1
VT,Alburg,Ransom Bay Inn B & B,tJRDll5yqpZwehenzE2cSg,4.43,2,0
VT,Alburg,Ransom Bay Inn B & B,tJRDll5yqpZwehenzE2cSg,4.43,3,0
VT,Alburg,Ransom Bay Inn B & B,tJRDll5yqpZwehenzE2cSg,4.43,4,0
VT,Alburg,Ransom Bay Inn B & B,tJRDll5yqpZwehenzE2cSg,4.43,5,0
VT,Alburg,Ransom Bay Inn B & B,tJRDll5yqpZwehenzE2cSg,4.43,6,0
VT,Alburg,Ransom Bay Inn B & B,tJRDll5yqpZwehenzE2cSg,4.43,7,0
VT,Alburg,Ransom Bay Inn B & B,tJRDll5yqpZwehenzE2cSg,4.43,8,0
VT,Alburg,Ransom Bay Inn B & B,tJRDll5yqpZwehenzE2cSg,4.43,9,0
VT,Alburg,Ransom Bay Inn B & B,tJRDll5yqpZwehenzE2cSg,4.43,10,0
VT,Alburg,Ransom Bay Inn B & B,tJRDll5yqpZwehenzE2cSg,4.43,11,0
VT,Alburg,Ransom Bay Inn B & B,tJRDll5yqpZwehenzE2cSg,4.43,12,1
VT,Alburg,Ransom Bay Inn B & B,tJRDll5yqpZwehenzE2cSg,4.43,13,0
VT,Alburg,Ransom Bay Inn B & B,tJRDll5yqpZwehenzE2cSg,4.43,14,0
VT,Alburg,Ransom Bay Inn B & B,tJRDll5yqpZwehenzE2cSg,4.43,15,0
VT,Alburg,Ransom Bay Inn B & B,tJRDll5yqpZwehenzE2cSg,4.43,16,1
VT,Alburg,Ransom Bay Inn B & B,tJRDll5yqpZwehenzE2cSg,4.43,17,0
VT,Alburg,Ransom Bay Inn B & B,tJRDll5yqpZwehenzE2cSg,4.43,18,0
VT,Alburg,Ransom Bay Inn B & B,tJRDll5yqpZwehenzE2cSg,4.43,19,0
VT,Alburg,Ransom Bay Inn B & B,tJRDll5yqpZwehenzE2cSg,4.43,20,0
VT,Alburg,Ransom Bay Inn B & B,tJRDll5yqpZwehenzE2cSg,4.43,21,0
VT,Alburg,Ransom Bay Inn B & B,tJRDll5yqpZwehenzE2cSg,4.43,22,1
VT,Alburg,Ransom Bay Inn B & B,tJRDll5yqpZwehenzE2cSg,4.43,23,1
WA,Canonsburg,McGrogans Tap Room,GIqiqpvaSLLKVGbp5cmFkA,3.2,0,1
WA,Canonsburg,McGrogans Tap Room,GIqiqpvaSLLKVGbp5cmFkA,3.2,1,0
WA,Canonsburg,McGrogans Tap Room,GIqiqpvaSLLKVGbp5cmFkA,3.2,2,2
WA,Canonsburg,McGrogans Tap Room,GIqiqpvaSLLKVGbp5cmFkA,3.2,3,0
WA,Canonsburg,McGrogans Tap Room,GIqiqpvaSLLKVGbp5cmFkA,3.2,4,0
WA,Canonsburg,McGrogans Tap Room,GIqiqpvaSLLKVGbp5cmFkA,3.2,5,0
WA,Canonsburg,McGrogans Tap Room,GIqiqpvaSLLKVGbp5cmFkA,3.2,6,1
WA,Canonsburg,McGrogans Tap Room,GIqiqpvaSLLKVGbp5cmFkA,3.2,7,0
WA,Canonsburg,McGrogans Tap Room,GIqiqpvaSLLKVGbp5cmFkA,3.2,8,0
WA,Canonsburg,McGrogans Tap Room,GIqiqpvaSLLKVGbp5cmFkA,3.2,9,0
WA,Canonsburg,McGrogans Tap Room,GIqiqpvaSLLKVGbp5cmFkA,3.2,10,0
WA,Canonsburg,McGrogans Tap Room,GIqiqpvaSLLKVGbp5cmFkA,3.2,11,0
WA,Canonsburg,McGrogans Tap Room,GIqiqpvaSLLKVGbp5cmFkA,3.2,12,0
WA,Canonsburg,McGrogans Tap Room,GIqiqpvaSLLKVGbp5cmFkA,3.2,13,0
WA,Canonsburg,McGrogans Tap Room,GIqiqpvaSLLKVGbp5cmFkA,3.2,14,0
WA,Canonsburg,McGrogans Tap Room,GIqiqpvaSLLKVGbp5cmFkA,3.2,15,0
WA,Canonsburg,McGrogans Tap Room,GIqiqpvaSLLKVGbp5cmFkA,3.2,16,0
WA,Canonsburg,McGrogans Tap Room,GIqiqpvaSLLKVGbp5cmFkA,3.2,17,1
WA,Canonsburg,McGrogans Tap Room,GIqiqpvaSLLKVGbp5cmFkA,3.2,18,0
WA,Canonsburg,McGrogans Tap Room,GIqiqpvaSLLKVGbp5cmFkA,3.2,19,0
WA,Canonsburg,McGrogans Tap Room,GIqiqpvaSLLKVGbp5cmFkA,3.2,20,1
WA,Canonsburg,McGrogans Tap Room,GIqiqpvaSLLKVGbp5cmFkA,3.2,21,1
WA,Canonsburg,McGrogans Tap Room,GIqiqpvaSLLKVGbp5cmFkA,3.2,22,2
WA,Canonsburg,McGrogans Tap Room,GIqiqpvaSLLKVGbp5cmFkA,3.2,23,0
WA,Canonsburg,Dollar General,SqWeTQqHL--uksgVcpw_Xw,2.4,0,1
WA,Canonsburg,Dollar General,SqWeTQqHL--uksgVcpw_Xw,2.4,1,0
WA,Canonsburg,Dollar General,SqWeTQqHL--uksgVcpw_Xw,2.4,2,0
WA,Canonsburg,Dollar General,SqWeTQqHL--uksgVcpw_Xw,2.4,3,0
WA,Canonsburg,Dollar General,SqWeTQqHL--uksgVcpw_Xw,2.4,4,0
WA,Canonsburg,Dollar General,SqWeTQqHL--uksgVcpw_Xw,2.4,5,0
WA,Canonsburg,Dollar General,SqWeTQqHL--uksgVcpw_Xw,2.4,6,0
WA,Canonsburg,Dollar General,SqWeTQqHL--uksgVcpw_Xw,2.4,7,0
WA,Canonsburg,Dollar General,SqWeTQqHL--uksgVcpw_Xw,2.4,8,0
WA,Canonsburg,Dollar General,SqWeTQqHL--uksgVcpw_Xw,2.4,9,0
WA,Canonsburg,Dollar General,SqWeTQqHL--uksgVcpw_Xw,2.4,10,0
WA,Canonsburg,Dollar General,SqWeTQqHL--uksgVcpw_Xw,2.4,11,0
WA,Canonsburg,Dollar General,SqWeTQqHL--uksgVcpw_Xw,2.4,12,0
WA,Canonsburg,Dollar General,SqWeTQqHL--uksgVcpw_Xw,2.4,13,0
WA,Canonsburg,Dollar General,SqWeTQqHL--uksgVcpw_Xw,2.4,14,1
WA,Canonsburg,Dollar General,SqWeTQqHL--uksgVcpw_Xw,2.4,15,0
WA,Canonsburg,Dollar General,SqWeTQqHL--uksgVcpw_Xw,2.4,16,0
WA,Canonsburg,Dollar General,SqWeTQqHL--uksgVcpw_Xw,2.4,17,0
WA,Canonsburg,Dollar General,SqWeTQqHL--uksgVcpw_Xw,2.4,18,0
WA,Canonsburg,Dollar General,SqWeTQqHL--uksgVcpw_Xw,2.4,19,0
WA,Canonsburg,Dollar General,SqWeTQqHL--uksgVcpw_Xw,2.4,20,0
WA,Canonsburg,Dollar General,SqWeTQqHL--uksgVcpw_Xw,2.4,21,1
WA,Canonsburg,Dollar General,SqWeTQqHL--uksgVcpw_Xw,2.4,22,0
WA,Canonsburg,Dollar General,SqWeTQqHL--uksgVcpw_Xw,2.4,23,1
NE,Las Vegas,Adam's Court Processing & Judicial Services,NJgEanFCcBPxY5eKyEf2Lg,3.67,0,0
NE,Las Vegas,Adam's Court Processing & Judicial Services,NJgEanFCcBPxY5eKyEf2Lg,3.67,1,0
NE,Las Vegas,Adam's Court Processing & Judicial Services,NJgEanFCcBPxY5eKyEf2Lg,3.67,2,0
NE,Las Vegas,Adam's Court Processing & Judicial Services,NJgEanFCcBPxY5eKyEf2Lg,3.67,3,0
NE,Las Vegas,Adam's Court Processing & Judicial Services,NJgEanFCcBPxY5eKyEf2Lg,3.67,4,0
NE,Las Vegas,Adam's Court Processing & Judicial Services,NJgEanFCcBPxY5eKyEf2Lg,3.67,5,0
NE,Las Vegas,Adam's Court Processing & Judicial Services,NJgEanFCcBPxY5eKyEf2Lg,3.67,6,0
NE,Las Vegas,Adam's Court Processing & Judicial Services,NJgEanFCcBPxY5eKyEf2Lg,3.67,7,0
NE,Las Vegas,Adam's Court Processing & Judicial Services,NJgEanFCcBPxY5eKyEf2Lg,3.67,8,0
NE,Las Vegas,Adam's Court Processing & Judicial Services,NJgEanFCcBPxY5eKyEf2Lg,3.67,9,0
NE,Las Vegas,Adam's Court Processing & Judicial Services,NJgEanFCcBPxY5eKyEf2Lg,3.67,10,0
NE,Las Vegas,Adam's Court Processing & Judicial Services,NJgEanFCcBPxY5eKyEf2Lg,3.67,11,0
NE,Las Vegas,Adam's Court Processing & Judicial Services,NJgEanFCcBPxY5eKyEf2Lg,3.67,12,0
NE,Las Vegas,Adam's Court Processing & Judicial Services,NJgEanFCcBPxY5eKyEf2Lg,3.67,13,0
NE,Las Vegas,Adam's Court Processing & Judicial Services,NJgEanFCcBPxY5eKyEf2Lg,3.67,14,0
NE,Las Vegas,Adam's Court Processing & Judicial Services,NJgEanFCcBPxY5eKyEf2Lg,3.67,15,0
NE,Las Vegas,Adam's Court Processing & Judicial Services,NJgEanFCcBPxY5eKyEf2Lg,3.67,16,0
NE,Las Vegas,Adam's Court Processing & Judicial Services,NJgEanFCcBPxY5eKyEf2Lg,3.67,17,0
NE,Las Vegas,Adam's Court Processing & Judicial Services,NJgEanFCcBPxY5eKyEf2Lg,3.67,18,0
NE,Las Vegas,Adam's Court Processing & Judicial Services,NJgEanFCcBPxY5eKyEf2Lg,3.67,19,0
NE,Las Vegas,Adam's Court Processing & Judicial Services,NJgEanFCcBPxY5eKyEf2Lg,3.67,20,1
NE,Las Vegas,Adam's Court Processing & Judicial Services,NJgEanFCcBPxY5eKyEf2Lg,3.67,21,0
NE,Las Vegas,Adam's Court Processing & Judicial Services,NJgEanFCcBPxY5eKyEf2Lg,3.67,22,0
NE,Las Vegas,Adam's Court Processing & Judicial Services,NJgEanFCcBPxY5eKyEf2Lg,3.67,23,0
MI,Midland,Members First Credit Union ,1UvD251wzNWGpECX1uQmBA,3.4,0,0
MI,Midland,Members First Credit Union ,1UvD251wzNWGpECX1uQmBA,3.4,1,0
MI,Midland,Members First Credit Union ,1UvD251wzNWGpECX1uQmBA,3.4,2,0
MI,Midland,Members First Credit Union ,1UvD251wzNWGpECX1uQmBA,3.4,3,0
MI,Midland,Members First Credit Union ,1UvD251wzNWGpECX1uQmBA,3.4,4,0
MI,Midland,Members First Credit Union ,1UvD251wzNWGpECX1uQmBA,3.4,5,0
MI,Midland,Members First Credit Union ,1UvD251wzNWGpECX1uQmBA,3.4,6,0
MI,Midland,Members First Credit Union ,1UvD251wzNWGpECX1uQmBA,3.4,7,0
MI,Midland,Members First Credit Union ,1UvD251wzNWGpECX1uQmBA,3.4,8,0
MI,Midland,Members First Credit Union ,1UvD251wzNWGpECX1uQmBA,3.4,9,0
MI,Midland,Members First Credit Union ,1UvD251wzNWGpECX1uQmBA,3.4,10,0
MI,Midland,Members First Credit Union ,1UvD251wzNWGpECX1uQmBA,3.4,11,0
MI,Midland,Members First Credit Union ,1UvD251wzNWGpECX1uQmBA,3.4,12,1
MI,Midland,Members First Credit Union ,1UvD251wzNWGpECX1uQmBA,3.4,13,0
MI,Midland,Members First Credit Union ,1UvD251wzNWGpECX1uQmBA,3.4,14,0
MI,Midland,Members First Credit Union ,1UvD251wzNWGpECX1uQmBA,3.4,15,0
MI,Midland,Members First Credit Union ,1UvD251wzNWGpECX1uQmBA,3.4,16,0
MI,Midland,Members First Credit Union ,1UvD251wzNWGpECX1uQmBA,3.4,17,0
MI,Midland,Members First Credit Union ,1UvD251wzNWGpECX1uQmBA,3.4,18,0
MI,Midland,Members First Credit Union ,1UvD251wzNWGpECX1uQmBA,3.4,19,2
MI,Midland,Members First Credit Union ,1UvD251wzNWGpECX1uQmBA,3.4,20,0
MI,Midland,Members First Credit Union ,1UvD251wzNWGpECX1uQmBA,3.4,21,2
MI,Midland,Members First Credit Union ,1UvD251wzNWGpECX1uQmBA,3.4,22,0
MI,Midland,Members First Credit Union ,1UvD251wzNWGpECX1uQmBA,3.4,23,0
FL,Cleveland,Pizza Hut-Cleveland,Zn3GV2xa9a-8bHjUM-2sow,1.92,0,1
FL,Cleveland,Pizza Hut-Cleveland,Zn3GV2xa9a-8bHjUM-2sow,1.92,1,1
FL,Cleveland,Pizza Hut-Cleveland,Zn3GV2xa9a-8bHjUM-2sow,1.92,2,1
FL,Cleveland,Pizza Hut-Cleveland,Zn3GV2xa9a-8bHjUM-2sow,1.92,3,0
FL,Cleveland,Pizza Hut-Cleveland,Zn3GV2xa9a-8bHjUM-2sow,1.92,4,0
FL,Cleveland,Pizza Hut-Cleveland,Zn3GV2xa9a-8bHjUM-2sow,1.92,5,0
FL,Cleveland,Pizza Hut-Cleveland,Zn3GV2xa9a-8bHjUM-2sow,1.92,6,0
FL,Cleveland,Pizza Hut-Cleveland,Zn3GV2xa9a-8bHjUM-2sow,1.92,7,0
FL,Cleveland,Pizza Hut-Cleveland,Zn3GV2xa9a-8bHjUM-2sow,1.92,8,0
FL,Cleveland,Pizza Hut-Cleveland,Zn3GV2xa9a-8bHjUM-2sow,1.92,9,0
FL,Cleveland,Pizza Hut-Cleveland,Zn3GV2xa9a-8bHjUM-2sow,1.92,10,0
FL,Cleveland,Pizza Hut-Cleveland,Zn3GV2xa9a-8bHjUM-2sow,1.92,11,0
FL,Cleveland,Pizza Hut-Cleveland,Zn3GV2xa9a-8bHjUM-2sow,1.92,12,0
FL,Cleveland,Pizza Hut-Cleveland,Zn3GV2xa9a-8bHjUM-2sow,1.92,13,0
FL,Cleveland,Pizza Hut-Cleveland,Zn3GV2xa9a-8bHjUM-2sow,1.92,14,0
FL,Cleveland,Pizza Hut-Cleveland,Zn3GV2xa9a-8bHjUM-2sow,1.92,15,0
FL,Cleveland,Pizza Hut-Cleveland,Zn3GV2xa9a-8bHjUM-2sow,1.92,16,0
FL,Cleveland,Pizza Hut-Cleveland,Zn3GV2xa9a-8bHjUM-2sow,1.92,17,0
FL,Cleveland,Pizza Hut-Cleveland,Zn3GV2xa9a-8bHjUM-2sow,1.92,18,0
FL,Cleveland,Pizza Hut-Cleveland,Zn3GV2xa9a-8bHjUM-2sow,1.92,19,0
FL,Cleveland,Pizza Hut-Cleveland,Zn3GV2xa9a-8bHjUM-2sow,1.92,20,0
FL,Cleveland,Pizza Hut-Cleveland,Zn3GV2xa9a-8bHjUM-2sow,1.92,21,1
FL,Cleveland,Pizza Hut-Cleveland,Zn3GV2xa9a-8bHjUM-2sow,1.92,22,0
FL,Cleveland,Pizza Hut-Cleveland,Zn3GV2xa9a-8bHjUM-2sow,1.92,23,2
AR,Avondale,La Salsita Taco Shop,pyOHNzoMBJjZyihZPWYtFA,3.45,0,11
AR,Avondale,La Salsita Taco Shop,pyOHNzoMBJjZyihZPWYtFA,3.45,1,13
AR,Avondale,La Salsita Taco Shop,pyOHNzoMBJjZyihZPWYtFA,3.45,2,16
AR,Avondale,La Salsita Taco Shop,pyOHNzoMBJjZyihZPWYtFA,3.45,3,6
AR,Avondale,La Salsita Taco Shop,pyOHNzoMBJjZyihZPWYtFA,3.45,4,7
AR,Avondale,La Salsita Taco Shop,pyOHNzoMBJjZyihZPWYtFA,3.45,5,7
AR,Avondale,La Salsita Taco Shop,pyOHNzoMBJjZyihZPWYtFA,3.45,6,7
AR,Avondale,La Salsita Taco Shop,pyOHNzoMBJjZyihZPWYtFA,3.45,7,5
AR,Avondale,La Salsita Taco Shop,pyOHNzoMBJjZyihZPWYtFA,3.45,8,1
AR,Avondale,La Salsita Taco Shop,pyOHNzoMBJjZyihZPWYtFA,3.45,9,1
AR,Avondale,La Salsita Taco Shop,pyOHNzoMBJjZyihZPWYtFA,3.45,10,0
AR,Avondale,La Salsita Taco Shop,pyOHNzoMBJjZyihZPWYtFA,3.45,11,0
AR,Avondale,La Salsita Taco Shop,pyOHNzoMBJjZyihZPWYtFA,3.45,12,0
AR,Avondale,La Salsita Taco Shop,pyOHNzoMBJjZyihZPWYtFA,3.45,13,0
AR,Avondale,La Salsita Taco Shop,pyOHNzoMBJjZyihZPWYtFA,3.45,14,1
AR,Avondale,La Salsita Taco Shop,pyOHNzoMBJjZyihZPWYtFA,3.45,15,4
AR,Avondale,La Salsita Taco Shop,pyOHNzoMBJjZyihZPWYtFA,3.45,16,5
AR,Avondale,La Salsita Taco Shop,pyOHNzoMBJjZyihZPWYtFA,3.45,17,4
AR,Avondale,La Salsita Taco Shop,pyOHNzoMBJjZyihZPWYtFA,3.45,18,4
AR,Avondale,La Salsita Taco Shop,pyOHNzoMBJjZyihZPWYtFA,3.45,19,9
AR,Avondale,La Salsita Taco Shop,pyOHNzoMBJjZyihZPWYtFA,3.45,20,9
AR,Avondale,La Salsita Taco Shop,pyOHNzoMBJjZyihZPWYtFA,3.45,21,3
AR,Avondale,La Salsita Taco Shop,pyOHNzoMBJjZyihZPWYtFA,3.45,22,7
AR,Avondale,La Salsita Taco Shop,pyOHNzoMBJjZyihZPWYtFA,3.45,23,5
HI,Wahiawa,Pizza Hut-Wahiawa,jSoXCOgEZ97KSaMsbiJdPg,1.98,0,7
HI,Wahiawa,Pizza Hut-Wahiawa,jSoXCOgEZ97KSaMsbiJdPg,1.98,1,3
HI,Wahiawa,Pizza Hut-Wahiawa,jSoXCOgEZ97KSaMsbiJdPg,1.98,2,7
HI,Wahiawa,Pizza Hut-Wahiawa,jSoXCOgEZ97KSaMsbiJdPg,1.98,3,9
HI,Wahiawa,Pizza Hut-Wahiawa,jSoXCOgEZ97KSaMsbiJdPg,1.98,4,14
HI,Wahiawa,Pizza Hut-Wahiawa,jSoXCOgEZ97KSaMsbiJdPg,1.98,5,15
HI,Wahiawa,Pizza Hut-Wahiawa,jSoXCOgEZ97KSaMsbiJdPg,1.98,6,11
HI,Wahiawa,Pizza Hut-Wahiawa,jSoXCOgEZ97KSaMsbiJdPg,1.98,7,5
HI,Wahiawa,Pizza Hut-Wahiawa,jSoXCOgEZ97KSaMsbiJdPg,1.98,8,1
HI,Wahiawa,Pizza Hut-Wahiawa,jSoXCOgEZ97KSaMsbiJdPg,1.98,9,1
HI,Wahiawa,Pizza Hut-Wahiawa,jSoXCOgEZ97KSaMsbiJdPg,1.98,10,0
HI,Wahiawa,Pizza Hut-Wahiawa,jSoXCOgEZ97KSaMsbiJdPg,1.98,11,0
HI,Wahiawa,Pizza Hut-Wahiawa,jSoXCOgEZ97KSaMsbiJdPg,1.98,12,0
HI,Wahiawa,Pizza Hut-Wahiawa,jSoXCOgEZ97KSaMsbiJdPg,1.98,13,0
HI,Wahiawa,Pizza Hut-Wahiawa,jSoXCOgEZ97KSaMsbiJdPg,1.98,14,0
HI,Wahiawa,Pizza Hut-Wahiawa,jSoXCOgEZ97KSaMsbiJdPg,1.98,15,0
HI,Wahiawa,Pizza Hut-Wahiawa,jSoXCOgEZ97KSaMsbiJdPg,1.98,16,0
HI,Wahiawa,Pizza Hut-Wahiawa,jSoXCOgEZ97KSaMsbiJdPg,1.98,17,0
HI,Wahiawa,Pizza Hut-Wahiawa,jSoXCOgEZ97KSaMsbiJdPg,1.98,18,0
HI,Wahiawa,Pizza Hut-Wahiawa,jSoXCOgEZ97KSaMsbiJdPg,1.98,19,0
HI,Wahiawa,Pizza Hut-Wahiawa,jSoXCOgEZ97KSaMsbiJdPg,1.98,20,2
HI,Wahiawa,Pizza Hut-Wahiawa,jSoXCOgEZ97KSaMsbiJdPg,1.98,21,7
HI,Wahiawa,Pizza Hut-Wahiawa,jSoXCOgEZ97KSaMsbiJdPg,1.98,22,3
HI,Wahiawa,Pizza Hut-Wahiawa,jSoXCOgEZ97KSaMsbiJdPg,1.98,23,1
OR,Salem,Pizza Hut-Salem,pp7XScHhSmEHc5k2EsLLcw,2.45,0,1
OR,Salem,Pizza Hut-Salem,pp7XScHhSmEHc5k2EsLLcw,2.45,1,1
OR,Salem,Pizza Hut-Salem,pp7XScHhSmEHc5k2EsLLcw,2.45,2,0
OR,Salem,Pizza Hut-Salem,pp7XScHhSmEHc5k2EsLLcw,2.45,3,0
OR,Salem,Pizza Hut-Salem,pp7XScHhSmEHc5k2EsLLcw,2.45,4,1
OR,Salem,Pizza Hut-Salem,pp7XScHhSmEHc5k2EsLLcw,2.45,5,0
OR,Salem,Pizza Hut-Salem,pp7XScHhSmEHc5k2EsLLcw,2.45,6,0
OR,Salem,Pizza Hut-Salem,pp7XScHhSmEHc5k2EsLLcw,2.45,7,0
OR,Salem,Pizza Hut-Salem,pp7XScHhSmEHc5k2EsLLcw,2.45,8,0
OR,Salem,Pizza Hut-Salem,pp7XScHhSmEHc5k2EsLLcw,2.45,9,0
OR,Salem,Pizza Hut-Salem,pp7XScHhSmEHc5k2EsLLcw,2.45,10,0
OR,Salem,Pizza Hut-Salem,pp7XScHhSmEHc5k2EsLLcw,2.45,11,0
OR,Salem,Pizza Hut-Salem,pp7XScHhSmEHc5k2EsLLcw,2.45,12,0
OR,Salem,Pizza Hut-Salem,pp7XScHhSmEHc5k2EsLLcw,2.45,13,0
OR,Salem,Pizza Hut-Salem,pp7XScHhSmEHc5k2EsLLcw,2.45,14,0
OR,Salem,Pizza Hut-Salem,pp7XScHhSmEHc5k2EsLLcw,2.45,15,0
OR,Salem,Pizza Hut-Salem,pp7XScHhSmEHc5k2EsLLcw,2.45,16,0
OR,Salem,Pizza Hut-Salem,pp7XScHhSmEHc5k2EsLLcw,2.45,17,0
OR,Salem,Pizza Hut-Salem,pp7XScHhSmEHc5k2EsLLcw,2.45,18,0
OR,Salem,Pizza Hut-Salem,pp7XScHhSmEHc5k2EsLLcw,2.45,19,0
OR,Salem,Pizza Hut-Salem,pp7XScHhSmEHc5k2EsLLcw,2.45,20,0
OR,Salem,Pizza Hut-Salem,pp7XScHhSmEHc5k2EsLLcw,2.45,21,0
OR,Salem,Pizza Hut-Salem,pp7XScHhSmEHc5k2EsLLcw,2.45,22,0
OR,Salem,Pizza Hut-Salem,pp7XScHhSmEHc5k2EsLLcw,2.45,23,1
AK,Berea,The Wing Warehouse,WwwYZakdSQM9174gdZdUIA,2.6,0,0
AK,Berea,The Wing Warehouse,WwwYZakdSQM9174gdZdUIA,2.6,1,0
AK,Berea,The Wing Warehouse,WwwYZakdSQM9174gdZdUIA,2.6,2,0
AK,Berea,The Wing Warehouse,WwwYZakdSQM9174gdZdUIA,2.6,3,1
AK,Berea,The Wing Warehouse,WwwYZakdSQM9174gdZdUIA,2.6,4,0
AK,Berea,The Wing Warehouse,WwwYZakdSQM9174gdZdUIA,2.6,5,0
AK,Berea,The Wing Warehouse,WwwYZakdSQM9174gdZdUIA,2.6,6,0
AK,Berea,The Wing Warehouse,WwwYZakdSQM9174gdZdUIA,2.6,7,0
AK,Berea,The Wing Warehouse,WwwYZakdSQM9174gdZdUIA,2.6,8,0
AK,Berea,The Wing Warehouse,WwwYZakdSQM9174gdZdUIA,2.6,9,0
AK,Berea,The Wing Warehouse,WwwYZakdSQM9174gdZdUIA,2.6,10,0
AK,Berea,The Wing Warehouse,WwwYZakdSQM9174gdZdUIA,2.6,11,0
AK,Berea,The Wing Warehouse,WwwYZakdSQM9174gdZdUIA,2.6,12,0
AK,Berea,The Wing Warehouse,WwwYZakdSQM9174gdZdUIA,2.6,13,0
AK,Berea,The Wing Warehouse,WwwYZakdSQM9174gdZdUIA,2.6,14,0
AK,Berea,The Wing Warehouse,WwwYZakdSQM9174gdZdUIA,2.6,15,0
AK,Berea,The Wing Warehouse,WwwYZakdSQM9174gdZdUIA,2.6,16,0
AK,Berea,The Wing Warehouse,WwwYZakdSQM9174gdZdUIA,2.6,17,0
AK,Berea,The Wing Warehouse,WwwYZakdSQM9174gdZdUIA,2.6,18,0
AK,Berea,The Wing Warehouse,WwwYZakdSQM9174gdZdUIA,2.6,19,1
AK,Berea,The Wing Warehouse,WwwYZakdSQM9174gdZdUIA,2.6,20,0
AK,Berea,The Wing Warehouse,WwwYZakdSQM9174gdZdUIA,2.6,21,1
AK,Berea,The Wing Warehouse,WwwYZakdSQM9174gdZdUIA,2.6,22,1
AK,Berea,The Wing Warehouse,WwwYZakdSQM9174gdZdUIA,2.6,23,2
VA,Hopewell,Pizza Hut-Hopewell,e4PCkJENurMOxuXd9ZMMPA,1.76,0,0
VA,Hopewell,Pizza Hut-Hopewell,e4PCkJENurMOxuXd9ZMMPA,1.76,1,2
VA,Hopewell,Pizza Hut-Hopewell,e4PCkJENurMOxuXd9ZMMPA,1.76,2,0
VA,Hopewell,Pizza Hut-Hopewell,e4PCkJENurMOxuXd9ZMMPA,1.76,3,0
VA,Hopewell,Pizza Hut-Hopewell,e4PCkJENurMOxuXd9ZMMPA,1.76,4,0
VA,Hopewell,Pizza Hut-Hopewell,e4PCkJENurMOxuXd9ZMMPA,1.76,5,0
VA,Hopewell,Pizza Hut-Hopewell,e4PCkJENurMOxuXd9ZMMPA,1.76,6,0
VA,Hopewell,Pizza Hut-Hopewell,e4PCkJENurMOxuXd9ZMMPA,1.76,7,0
VA,Hopewell,Pizza Hut-Hopewell,e4PCkJENurMOxuXd9ZMMPA,1.76,8,0
VA,Hopewell,Pizza Hut-Hopewell,e4PCkJENurMOxuXd9ZMMPA,1.76,9,0
VA,Hopewell,Pizza Hut-Hopewell,e4PCkJENurMOxuXd9ZMMPA,1.76,10,0
VA,Hopewell,Pizza Hut-Hopewell,e4PCkJENurMOxuXd9ZMMPA,1.76,11,0
VA,Hopewell,Pizza Hut-Hopewell,e4PCkJENurMOxuXd9ZMMPA,1.76,12,0
VA,Hopewell,Pizza Hut-Hopewell,e4PCkJENurMOxuXd9ZMMPA,1.76,13,0
VA,Hopewell,Pizza Hut-Hopewell,e4PCkJENurMOxuXd9ZMMPA,1.76,14,0
VA,Hopewell,Pizza Hut-Hopewell,e4PCkJENurMOxuXd9ZMMPA,1.76,15,3
VA,Hopewell,Pizza Hut-Hopewell,e4PCkJENurMOxuXd9ZMMPA,1.76,16,5
VA,Hopewell,Pizza Hut-Hopewell,e4PCkJENurMOxuXd9ZMMPA,1.76,17,3
VA,Hopewell,Pizza Hut-Hopewell,e4PCkJENurMOxuXd9ZMMPA,1.76,18,0
VA,Hopewell,Pizza Hut-Hopewell,e4PCkJENurMOxuXd9ZMMPA,1.76,19,1
VA,Hopewell,Pizza Hut-Hopewell,e4PCkJENurMOxuXd9ZMMPA,1.76,20,0
VA,Hopewell,Pizza Hut-Hopewell,e4PCkJENurMOxuXd9ZMMPA,1.76,21,1
VA,Hopewell,Pizza Hut-Hopewell,e4PCkJENurMOxuXd9ZMMPA,1.76,22,2
VA,Hopewell,Pizza Hut-Hopewell,e4PCkJENurMOxuXd9ZMMPA,1.76,23,1
CT,Farmington,Brooks Brothers,Q75WJODIMDC7Y8XRYLDbtQ,3.42,0,6
CT,Farmington,Brooks Brothers,Q75WJODIMDC7Y8XRYLDbtQ,3.42,1,3
CT,Farmington,Brooks Brothers,Q75WJODIMDC7Y8XRYLDbtQ,3.42,2,1
CT,Farmington,Brooks Brothers,Q75WJODIMDC7Y8XRYLDbtQ,3.42,3,1
CT,Farmington,Brooks Brothers,Q75WJODIMDC7Y8XRYLDbtQ,3.42,4,1
CT,Farmington,Brooks Brothers,Q75WJODIMDC7Y8XRYLDbtQ,3.42,5,0
CT,Farmington,Brooks Brothers,Q75WJODIMDC7Y8XRYLDbtQ,3.42,6,0
CT,Farmington,Brooks Brothers,Q75WJODIMDC7Y8XRYLDbtQ,3.42,7,0
CT,Farmington,Brooks Brothers,Q75WJODIMDC7Y8XRYLDbtQ,3.42,8,0
CT,Farmington,Brooks Brothers,Q75WJODIMDC7Y8XRYLDbtQ,3.42,9,0
CT,Farmington,Brooks Brothers,Q75WJODIMDC7Y8XRYLDbtQ,3.42,10,0
CT,Farmington,Brooks Brothers,Q75WJODIMDC7Y8XRYLDbtQ,3.42,11,0
CT,Farmington,Brooks Brothers,Q75WJODIMDC7Y8XRYLDbtQ,3.42,12,0
CT,Farmington,Brooks Brothers,Q75WJODIMDC7Y8XRYLDbtQ,3.42,13,0
CT,Farmington,Brooks Brothers,Q75WJODIMDC7Y8XRYLDbtQ,3.42,14,0
CT,Farmington,Brooks Brothers,Q75WJODIMDC7Y8XRYLDbtQ,3.42,15,0
CT,Farmington,Brooks Brothers,Q75WJODIMDC7Y8XRYLDbtQ,3.42,16,2
CT,Farmington,Brooks Brothers,Q75WJODIMDC7Y8XRYLDbtQ,3.42,17,2
CT,Farmington,Brooks Brothers,Q75WJODIMDC7Y8XRYLDbtQ,3.42,18,4
CT,Farmington,Brooks Brothers,Q75WJODIMDC7Y8XRYLDbtQ,3.42,19,6
CT,Farmington,Brooks Brothers,Q75WJODIMDC7Y8XRYLDbtQ,3.42,20,5
CT,Farmington,Brooks Brothers,Q75WJODIMDC7Y8XRYLDbtQ,3.42,21,3
CT,Farmington,Brooks Brothers,Q75WJODIMDC7Y8XRYLDbtQ,3.42,22,6
CT,Farmington,Brooks Brothers,Q75WJODIMDC7Y8XRYLDbtQ,3.42,23,3
MO,Springfield,Menards,3y6ZjuRmK1Jh6_VwBh8VDQ,2.71,0,0
MO,Springfield,Menards,3y6ZjuRmK1Jh6_VwBh8VDQ,2.71,1,0
MO,Springfield,Menards,3y6ZjuRmK1Jh6_VwBh8VDQ,2.71,2,0
MO,Springfield,Menards,3y6ZjuRmK1Jh6_VwBh8VDQ,2.71,3,0
MO,Springfield,Menards,3y6ZjuRmK1Jh6_VwBh8VDQ,2.71,4,0
MO,Springfield,Menards,3y6ZjuRmK1Jh6_VwBh8VDQ,2.71,5,0
MO,Springfield,Menards,3y6ZjuRmK1Jh6_VwBh8VDQ,2.71,6,0
MO,Springfield,Menards,3y6ZjuRmK1Jh6_VwBh8VDQ,2.71,7,0
MO,Springfield,Menards,3y6ZjuRmK1Jh6_VwBh8VDQ,2.71,8,0
MO,Springfield,Menards,3y6ZjuRmK1Jh6_VwBh8VDQ,2.71,9,0
MO,Springfield,Menards,3y6ZjuRmK1Jh6_VwBh8VDQ,2.71,10,0
MO,Springfield,Menards,3y6ZjuRmK1Jh6_VwBh8VDQ,2.71,11,0
MO,Springfield,Menards,3y6ZjuRmK1Jh6_VwBh8VDQ,2.71,12,0
MO,Springfield,Menards,3y6ZjuRmK1Jh6_VwBh8VDQ,2.71,13,0
MO,Springfield,Menards,3y6ZjuRmK1Jh6_VwBh8VDQ,2.71,14,1
MO,Springfield,Menards,3y6ZjuRmK1Jh6_VwBh8VDQ,2.71,15,0
MO,Springfield,Menards,3y6ZjuRmK1Jh6_VwBh8VDQ,2.71,16,0
MO,Springfield,Menards,3y6ZjuRmK1Jh6_VwBh8VDQ,2.71,17,0
MO,Springfield,Menards,3y6ZjuRmK1Jh6_VwBh8VDQ,2.71,18,0
MO,Springfield,Menards,3y6ZjuRmK1Jh6_VwBh8VDQ,2.71,19,0
MO,Springfield,Menards,3y6ZjuRmK1Jh6_VwBh8VDQ,2.71,20,0
MO,Springfield,Menards,3y6ZjuRmK1Jh6_VwBh8VDQ,2.71,21,0
MO,Springfield,Menards,3y6ZjuRmK1Jh6_VwBh8VDQ,2.71,22,0
MO,Springfield,Menards,3y6ZjuRmK1Jh6_VwBh8VDQ,2.71,23,0